Date,11:00:00,12:00:00,13:00:00,14:00:00,15:00:00,16:00:00,17:00:00,18:00:00,19:00:00,20:00:00,21:00:00,22:00:00,23:00:00,Daily
2016-01-04,16.39,36.269999999999996,78.67999999999999,51.44,57.7,148.93,74.55,50.339999999999996,56.02,79.35,58.33999999999999,31.68,0.0,739.6899999999999
2016-01-05,22.45,27.75,7.25,30.64,100.67000000000002,149.72000000000003,43.14,68.53,93.65,75.89999999999999,27.450000000000003,31.700000000000003,0.0,678.8500000000001
2016-01-06,33.59,41.480000000000004,111.56,92.00000000000001,94.83000000000001,94.27,45.26,70.35000000000001,57.22,52.53,46.870000000000005,49.120000000000005,0.0,789.08
2016-01-07,8.4,23.3,54.489999999999995,42.28,116.13000000000002,101.65000000000002,52.040000000000006,47.96,128.00000000000003,77.00999999999999,91.02000000000001,75.42000000000002,0.0,817.7
2016-01-08,27.25,86.0,48.339999999999996,65.21,186.2,158.67,93.76,117.30000000000001,143.23,105.69999999999999,182.96000000000004,89.71000000000001,64.12,1368.4500000000003
2016-01-09,15.700000000000001,88.04,79.59,142.73000000000002,161.16,75.23,110.65,66.69999999999999,74.14,89.93999999999998,78.05,89.77,27.699999999999996,1099.4
2016-01-10,52.699999999999996,40.33,109.70000000000002,100.45,140.85,88.12,136.35,133.73000000000002,109.64000000000001,72.14,64.06,35.55,0.0,1083.6200000000001
2016-01-11,11.35,38.550000000000004,61.449999999999996,91.62,138.37,88.72999999999999,39.83,68.59,68.12,84.10999999999999,37.74,43.39,0.0,771.85
2016-01-12,10.85,65.56,70.7,72.27,87.73,115.79,76.6,43.910000000000004,85.32000000000001,82.95000000000002,48.669999999999995,53.99,0.0,814.34
2016-01-13,16.95,44.65,84.48,99.70000000000002,97.6,149.71000000000004,40.18,50.5,94.80000000000001,83.69,152.06,72.53999999999999,0.0,986.8599999999999
2016-01-14,11.9,28.830000000000002,33.79,41.599999999999994,83.27000000000001,106.11999999999999,60.03999999999999,95.85000000000001,26.29,53.379999999999995,86.5,59.81,0.0,687.3799999999999
2016-01-15,24.2,49.39999999999999,83.08999999999999,32.1,156.48000000000002,141.42000000000002,96.58,92.63,107.22999999999999,104.19,96.43,78.16,15.95,1077.8600000000001
2016-01-16,43.51,34.35,115.03000000000002,108.92000000000002,117.72,169.85000000000002,98.63000000000001,60.230000000000004,116.10999999999999,99.41999999999999,110.07,49.44,19.49,1142.7700000000002
2016-01-17,35.5,73.23,60.040000000000006,101.64000000000001,93.58000000000001,105.19000000000001,43.199999999999996,83.15777777777777,83.98925925925924,83.24555555555554,78.58740740740741,57.598888888888894,0.0,898.9588888888891
2016-01-18,39.05,68.99000000000001,76.75,142.29999999999998,126.47,100.03000000000002,107.72000000000001,78.88,66.02999999999999,98.21000000000001,51.44,34.78,0.0,990.6500000000001
2016-01-19,34.55,83.31000000000002,61.489999999999995,92.04,96.2,132.48000000000002,50.279999999999994,136.71,56.78999999999999,58.779999999999994,61.129999999999995,40.43,0.0,904.1899999999998
2016-01-20,47.95,92.35000000000001,118.08000000000004,123.37,120.16000000000001,111.87000000000002,128.66000000000003,99.47,72.13000000000001,99.83000000000001,38.45,90.83,0.0,1143.15
2016-01-21,73.79,64.47,67.16999999999999,72.35,134.94000000000003,123.63000000000001,145.73000000000002,34.559999999999995,64.94,96.78999999999999,112.94,43.55,0.0,1034.8600000000001
2016-01-22,92.73,86.36999999999999,114.71999999999998,90.41999999999999,127.12000000000002,111.16000000000001,121.79,102.27000000000001,79.08000000000001,114.83000000000001,74.89,67.18,29.270000000000003,1211.8300000000002
2016-01-23,70.52,97.30999999999997,76.47,151.84000000000003,142.27,108.13999999999997,114.96000000000001,100.99999999999999,35.15,122.33000000000001,110.84000000000002,110.91999999999999,51.099999999999994,1292.85
2016-01-24,53.080000000000005,46.19,142.70000000000005,128.14,149.34999999999997,148.59,130.5,118.33000000000003,156.32000000000002,123.58999999999999,91.0,20.8,0.0,1308.59
2016-01-25,42.05,135.16000000000003,176.04,56.45,111.50000000000001,174.32000000000005,91.33,104.6,59.74999999999999,59.79,42.09,77.6,0.0,1130.6799999999998
2016-01-26,142.68,97.62,66.16,106.9,140.16,111.74,99.6,93.18,51.76,85.15,56.68,105.41,0.0,1157.04
2016-01-27,98.06,121.31,121.22,120.36,136.89,133.74,78.62,110.83,115.18,29.49,81.96,40.94,0.0,1188.6000000000001
2016-01-28,71.87,67.81,66.2,102.14,58.3,95.09,82.87,81.07,44.36,69.46,85.22,27.27,0.0,851.66
2016-01-29,29.74,71.26,80.78,72.89,53.59,86.08,37.83,51.18,124.59,56.55,68.79,32.0,92.53,857.81
2016-01-30,59.53,114.09,84.96,112.51,85.36,192.04,125.72,115.11,126.2,102.24,80.53,42.7,41.7,1282.69
2016-01-31,40.95,60.08,162.64,108.94,112.27,116.77,82.55,51.45,55.66,70.28,85.68,60.48,0.0,1007.75
2016-02-01,63.04,84.7,77.55,81.45,135.9,93.3,94.55,83.67,91.56,23.6,101.24,4.0,0.0,934.5600000000001
2016-02-02,90.67,45.15,107.46,44.94,91.11,78.59,94.69,66.62,27.33,50.8,110.52,44.65,0.0,852.53
2016-02-03,79.44,77.27,90.09,160.41,69.88,162.73,104.71,92.15,101.18,23.2,70.72,34.83,0.0,1066.6100000000001
2016-02-04,83.15,65.06,91.17,150.02,114.16,154.91,113.86,82.57,94.24,75.43,55.34,60.23,0.0,1140.1399999999999
2016-02-05,103.65,173.53,160.48,123.32,89.59,130.58,121.99,116.48,59.08,46.6,91.27,143.58,80.71,1440.86
2016-02-06,89.03,181.05,136.88,211.74,139.43,149.11,129.99,90.65,92.92,41.05,157.08,150.68,64.14,1633.7500000000002
2016-02-07,96.38,143.24,158.54,220.52,252.42,166.98,79.1,87.32,81.55,213.1,164.82,114.16,0.0,1778.1299999999999
2016-02-08,102.1,180.96,202.77,149.91,202.16,124.52,77.64,106.44,61.0,107.52,117.31,50.64,0.0,1482.97
2016-02-09,80.29,95.68,74.56,130.42,130.83,206.57,96.49,109.5,92.96,107.98,72.09,63.24,0.0,1260.61
2016-02-10,115.88,100.6,122.42,89.8,147.26,107.3,105.69,153.33,74.18,78.42,70.45,65.05,0.0,1230.38
2016-02-11,81.06,140.5,82.06,76.57,117.52,147.41,85.95,119.82,83.61,38.89,94.05,77.7,0.0,1145.14
2016-02-12,43.21,48.7,55.76,79.3,109.73,138.41,60.65,67.49,109.57,140.59,99.15,84.29,43.25,1080.1
2016-02-13,36.3,89.71,146.7,130.22,174.57,146.23,150.32,49.21,71.8,83.0,136.43,84.06,50.35,1348.8999999999999
2016-02-14,61.92,98.48,202.6,118.86,165.31,103.16,88.11,42.08,118.19,122.91,136.4,68.82,0.0,1326.8400000000001
2016-02-15,97.02,92.36,146.34,137.62,169.02,132.07,129.36,112.23,131.27,78.79,105.46,58.03,0.0,1389.5700000000002
2016-02-16,57.14,111.23,101.08,85.35,156.6,125.62,123.02,128.25,65.36,103.63,61.88,33.68,0.0,1152.8400000000001
2016-02-17,43.48,123.24,91.27,108.1,69.75,81.78,41.34,68.58,17.7,55.54,87.36,8.15,0.0,796.29
2016-02-18,116.78,127.31,114.85,139.74,122.21,148.29,56.85,43.04,85.50296296296295,86.32296296296293,92.11629629629631,74.71148148148147,0.0,1207.7237037037037
2016-02-19,123.91,86.12,61.83,55.17,82.78,163.13,97.78,96.19,108.86,114.76,75.77,104.07,59.17,1229.54
2016-02-20,45.2,74.24,112.72,191.08,121.17,117.29,166.51,69.71,75.28,114.34,45.2,51.84,39.5,1224.08
2016-02-21,102.29,76.7,110.22,170.39,184.88,162.94,202.65,104.36,94.78,136.08,99.79,56.89,0.0,1501.9699999999998
2016-02-22,80.85,126.76,58.01,125.86,146.59,245.73,77.4,98.78,140.4,41.84,58.79,111.77,0.0,1312.78
2016-02-23,82.48,108.14,90.22,127.38,161.38,98.02,88.52,94.76,74.38,72.35,83.29,61.3,0.0,1142.22
2016-02-24,72.42,147.0,167.54,173.35,209.02,162.1,144.41,134.0,66.99,65.58,92.88,72.66,0.0,1507.95
2016-02-25,70.94,112.99,110.51,191.45,231.39,182.79,114.39,87.95,112.37,49.43,61.73,81.99,0.0,1407.9299999999998
2016-02-26,68.26,93.77,130.44,103.35,188.54,207.42,67.75,81.37,93.5,130.96,83.48,134.3,84.27,1467.4099999999999
2016-02-27,75.44,177.74,139.55,124.56,119.77,190.43,159.58,85.79,63.84,109.66,96.7,111.11,30.89,1485.06
2016-02-28,47.57,65.97,160.05,182.14,218.52,197.85,119.49,62.05,104.68,104.67,57.94,85.49,0.0,1406.42
2016-02-29,69.98,144.21,134.7,89.82,128.78,191.25,163.45,129.28,50.6,74.19,55.61,20.15,0.0,1252.02
2016-03-01,94.23,93.79,107.31,106.62,187.97,171.41,93.85,79.21,93.74,104.25,38.52,51.49,0.0,1222.39
2016-03-02,82.22,61.44,78.7,122.88,113.66,146.87,65.28,125.98,120.39,62.37,119.52,60.48,0.0,1159.79
2016-03-03,38.9,116.24,86.6,105.23,114.0,87.14,69.36,97.9,48.46,76.53,78.76,53.97,0.0,973.0899999999999
2016-03-04,47.21,70.45,121.97,97.62,166.02,162.11,102.03,76.02,85.85,53.76,162.11,103.53,30.57,1279.25
2016-03-05,30.95,92.9,71.46,106.95,65.48,58.75,36.25,27.89,49.05,21.75,89.1,73.99,29.79,754.31
2016-03-06,53.75,63.55,102.09,148.84,172.32,117.22,96.44,75.56,65.34,49.14,39.47,36.16,0.0,1019.88
2016-03-07,27.18,74.49,106.26,57.76,80.41,164.24,100.5,75.76,57.26,80.77,37.6,68.17,0.0,930.3999999999999
2016-03-08,31.42,31.54,52.02,39.45,34.28,31.86,56.8,49.3,71.72,49.42,84.44,116.86,0.0,649.11
2016-03-09,54.51,57.85,83.86,64.12,65.22,153.01,123.18,76.01,74.61,120.8,123.01,60.0,0.0,1056.1799999999998
2016-03-10,15.69,44.99,47.87,43.16,31.6,86.72,73.71,16.32,33.9,79.68,81.19,62.43,0.0,617.2599999999999
2016-03-11,55.08,31.98,78.75,56.25,89.06,105.59,83.02,39.9,103.37,111.14,151.39,94.1,65.53,1065.16
2016-03-12,65.24,65.81,71.92,84.46,86.86,70.08,56.46,76.89,43.58,69.15,56.16,53.43,23.75,823.79
2016-03-13,11.55,86.26,93.38,92.6,143.49,90.47,98.16,161.11,74.52,109.98,114.42,99.98,0.0,1175.92
2016-03-14,55.49,75.85,90.45,56.78,62.78,149.94,78.7,48.05,66.75,42.75,15.5,71.41258064516127,0.0,814.4525806451613
2016-03-15,53.05781249999999,80.93656250000002,97.68484848484849,110.84454545454547,133.90727272727273,128.19,99.47000000000001,86.780625,82.2415625,86.0525,85.5471875,71.41258064516127,0.0,1116.1254973118282
2016-03-16,73.39,85.26,172.36,186.26,164.34,69.23,112.66,122.52,110.38,108.8,74.59,83.75,0.0,1363.54
2016-03-17,53.05781249999999,80.93656250000002,97.68484848484849,110.84454545454547,133.90727272727273,128.19,99.47000000000001,86.780625,82.2415625,86.0525,85.5471875,71.41258064516127,0.0,1116.1254973118282
2016-03-18,53.05781249999999,80.93656250000002,68.28,38.35,196.99,206.58,99.47000000000001,86.780625,82.2415625,86.0525,85.5471875,71.41258064516127,0.0,1155.6988306451615
2016-03-19,19.74,68.72,157.17,191.96,122.68,151.34,157.38,74.33,57.4,53.78,107.58,110.17,47.9,1320.15
2016-03-20,62.19,68.18,123.67,105.38,205.19,152.93,141.78,103.18,100.39,109.76,77.05,70.43,0.0,1320.13
2016-03-21,39.06,91.18,69.79,47.97,123.8,154.58,73.22,61.45,45.15,68.48,42.42,11.7,0.0,828.8
2016-03-22,77.18,127.13,70.52,174.16,169.85,200.46,86.63,101.99,132.29,62.73,122.04,45.39,0.0,1370.3700000000001
2016-03-23,78.97,99.13,108.83,153.56,158.41,184.2,108.62,137.22,87.04,87.48,47.87,55.84,0.0,1307.1699999999998
2016-03-24,69.58,89.01,133.58,129.45,170.32,91.95,142.79,96.85,146.51,114.46,93.0,106.08,0.0,1383.58
2016-03-25,82.96,104.68,155.58,208.11,257.61,92.31,136.4,90.02,57.44,110.66,63.89,110.49,48.1,1518.2500000000002
2016-03-26,33.24,78.89,113.09,147.73,141.55,189.52,135.27,88.57,133.35,139.64,127.19,68.09,69.0,1465.1299999999999
2016-03-27,45.05,153.89,192.5,159.32,197.38,150.19,151.56,116.65,123.89,125.44,35.6,73.02,0.0,1524.49
2016-03-28,38.85,67.45,71.9,137.23,67.24,75.25,50.19,113.61,50.08,132.44,81.03,49.84,0.0,935.11
2016-03-29,91.84,98.82,87.12,103.99,94.37,90.61,60.28,137.27,56.94,68.6,45.64,57.1,0.0,992.58
2016-03-30,41.94,48.34,47.08,50.75,116.13,94.87,55.1,31.67,84.45,113.12,124.85,118.48,0.0,926.7800000000001
2016-03-31,39.99,64.17,43.99,159.84,148.37,102.03,91.8,54.67,120.98,90.04,99.43,60.84,0.0,1076.1499999999999
2016-04-01,53.56,55.3,83.99,87.36,92.77,80.8,101.15,122.59,151.64,62.4,83.11,76.73,76.43,1127.83
2016-04-02,37.85,63.68,116.32,192.41,181.1,174.03,130.12,97.43,73.35,67.3,114.76,94.43,17.7,1360.48
2016-04-03,79.06,114.79,80.49,111.5,268.91,182.73,150.9,71.78,61.31,132.87,150.66,66.67,0.0,1471.6699999999998
2016-04-04,71.98,99.48,105.71,111.74,161.84,212.72,104.06,158.55,126.66,23.43,42.49,25.23,0.0,1243.89
2016-04-05,134.51,124.26,61.13,71.77,118.78,172.2,163.74,117.47,108.23,90.46,91.42,71.65,0.0,1325.6200000000001
2016-04-06,69.77,115.67,130.2,219.98,161.83,198.04,203.37,164.24,175.7,141.78,145.9,118.21,0.0,1844.69
2016-04-07,112.13,118.98,114.2,90.37,117.21,79.9,110.23,87.63,108.15,97.62,125.51,62.46,0.0,1224.39
2016-04-08,91.55,112.1,83.49,57.22,158.38,168.0,139.19,78.35,75.57,74.8,105.23,82.78,49.3,1275.9599999999998
2016-04-09,19.45,65.19,85.14,146.96,146.63,146.45,138.16,123.97,123.58,82.2,123.11,85.3,33.69,1319.83
2016-04-10,46.2,103.18,64.21,153.02,199.63,176.12,85.15,162.91,207.97,131.05,67.73,35.17,0.0,1432.34
2016-04-11,56.81,66.17,47.0,65.2,114.42,106.99,87.82,67.85,62.95,139.28,67.0,44.61,0.0,926.1
2016-04-12,68.11,67.23,48.18,74.95,52.76,167.09,139.65,151.14,62.4,157.71,88.68,66.89,0.0,1144.7900000000002
2016-04-13,48.63,178.75,85.7,111.41,109.85,177.63,94.93,154.29,109.53,98.34,93.66,147.11,0.0,1409.83
2016-04-14,31.06,134.12,83.01,91.04,80.06,160.93,95.57,124.13,145.86,104.65,48.43,69.9,0.0,1168.7600000000002
2016-04-15,73.22,140.06,128.07,107.44,167.1,150.19,65.96,105.85,83.86,52.27,151.98,154.93,59.69,1440.6200000000001
2016-04-16,76.76,137.34,211.53,161.64,152.93,207.85,215.12,237.85,122.45,117.32,138.24,130.68,28.34,1938.05
2016-04-17,54.56,78.76,84.82,129.43,299.29,253.16,159.49,174.11,159.29,63.91,97.34,49.44,0.0,1603.6000000000001
2016-04-18,58.89,167.03,108.63,153.01,111.5,174.1,100.22,118.71,123.28,101.06,46.69,68.79,0.0,1331.91
2016-04-19,104.47,136.41,136.59,146.35,111.33,124.29,127.21,115.34,83.82,137.91,116.71,50.9,0.0,1391.3300000000002
2016-04-20,97.59,80.37,143.69,169.5,100.86,117.17,100.86,130.88,129.02,75.4,87.86,44.12,0.0,1277.32
2016-04-21,84.19,125.84,83.8,96.92,124.8,142.21,106.3,132.05,59.04,156.09,90.03,54.8,0.0,1256.07
2016-04-22,43.48,43.06,111.05,86.43,243.7,213.72,60.31,140.16,118.13,102.87,89.86,81.73,71.5,1405.9999999999998
2016-04-23,67.92,50.23,139.77,182.39,172.42,139.8,130.53,180.89,99.43,109.23,215.14,108.8,48.1,1644.6499999999999
2016-04-24,45.69,96.79,126.25,193.01,185.37,190.72,73.42,98.46,129.32,115.2,64.1,51.73,0.0,1370.06
2016-04-25,35.24,85.85,66.05,69.88,132.16,111.69,101.96,78.72,80.39,100.02,72.86,29.26,0.0,964.0799999999999
2016-04-26,110.91,117.72,47.88,107.35,122.38,132.89,107.64,76.69,44.14,60.82,26.3,11.3,0.0,966.02
2016-04-27,20.25,32.23,60.44,41.65,169.61,110.12,64.11,145.0,40.35,143.23,98.44,43.89,0.0,969.32
2016-04-28,69.56,82.96,89.45,114.78,90.17,131.98,121.61,85.59,93.59,115.45,97.65,66.53,0.0,1159.32
2016-04-29,76.93,113.77,120.94,84.25,155.2,206.32,97.85,92.63,104.68,75.64,116.19,69.3,59.17,1372.8700000000001
2016-04-30,101.9,94.96,110.26,119.23,177.09,129.88,107.89,64.98,101.17,120.58,70.25,58.45,45.8,1302.44
2016-05-01,77.55,123.77,185.81,221.38,220.77,259.26,187.89,147.74,157.63,180.57,134.91,84.68,0.0,1981.9600000000003
2016-05-02,64.15,42.74,68.82,70.65,99.5,105.25,101.25,80.87,85.17,76.0,63.55,61.89,0.0,919.8399999999999
2016-05-03,42.16,67.93,70.49,87.99,155.62,117.85,109.04,92.89,54.1,85.85,52.19,31.38,0.0,967.4900000000001
2016-05-04,56.15,72.15,93.38,100.29,121.11,194.44,146.72,96.88,140.07,92.24,124.48,127.46,0.0,1365.3700000000001
2016-05-05,64.97,97.09,111.86,74.81,191.42,150.71,154.37,189.28,135.93,133.4,104.43,35.35,0.0,1443.6200000000001
2016-05-06,14.5,31.04,61.95,78.89,98.15,153.3,143.5,82.48,131.64,61.15,105.11,148.9,83.12,1193.73
2016-05-07,49.76,53.91,91.65,139.32,131.26,89.56,96.25,108.23,122.01,124.02,113.61,84.59,77.8,1281.9699999999998
2016-05-08,16.24,66.66,217.06,110.68,153.65,152.8,140.57,106.12,215.64,166.67,87.37,39.08,0.0,1472.54
2016-05-09,63.49,71.16,65.87,94.94,92.62,137.44,118.44,58.81,99.48,124.12,83.73,20.65,0.0,1030.75
2016-05-10,97.91,106.82,93.62,90.2,149.22,146.89,122.38,74.57,53.9,130.1,126.43,47.38,0.0,1239.42
2016-05-11,36.75,58.43,91.34,115.4,112.34,163.44,85.54,71.2,58.95,103.28,72.75,44.37,0.0,1013.7900000000001
2016-05-12,82.35,76.3,73.8,130.61,119.03,188.97,111.33,64.39,91.39,104.01,97.52,80.2,0.0,1219.9
2016-05-13,81.19,83.49,111.42,132.46,148.9,141.38,143.95,74.28,114.37,136.0,138.43,123.17,86.93,1515.9700000000003
2016-05-14,97.42,108.38,141.16,166.38,117.56,187.38,115.39,166.07,100.31,59.76,83.98,77.95,0.0,1421.7399999999998
2016-05-15,34.88,68.07,132.25,122.45,143.03,184.99,181.89,163.43,125.8,134.14,66.14,57.65,0.0,1414.72
2016-05-16,69.39,117.67,87.42,122.59,175.84,93.18,97.34,113.37,121.15,59.29,151.05,88.8,0.0,1297.09
2016-05-17,190.55,121.37,147.4,116.11,178.68,205.43,135.32,163.86,133.1,144.18,147.12,76.64,0.0,1759.76
2016-05-18,73.94,106.41,174.02,175.94,183.52,186.94,73.01,102.34,129.92,49.77,73.18,103.15,0.0,1432.1400000000003
2016-05-19,69.09,97.95,85.5,79.73,107.41,130.67,73.68,84.14,99.01,115.82,88.84,58.04,0.0,1089.8799999999999
2016-05-20,95.26,68.5,164.23,93.67,163.31,166.41,88.43,82.78,120.65,150.61,140.43,81.94,47.4,1463.6200000000001
2016-05-21,95.1,65.68,47.23,188.31,232.23,106.89,133.28,105.43,148.1,115.24,141.41,40.78,49.15,1468.8300000000002
2016-05-22,44.72,88.31,129.72,217.26,178.58,140.73,168.18,91.5,169.89,156.31,141.53,85.76,0.0,1612.4899999999998
2016-05-23,70.44,104.54,158.75,86.12,184.96,91.91,107.24,56.25,80.12,77.92,96.48,97.66,0.0,1212.39
2016-05-24,63.07,75.3,115.41,120.77,189.22,78.73,105.69,67.9,55.54,131.18,147.87,24.65,0.0,1175.33
2016-05-25,46.24,107.09,129.99,95.72,134.77,55.79,130.38,49.44,128.36,136.17,55.98,65.89,0.0,1135.8200000000002
2016-05-26,46.2,99.3,60.45,142.77,112.59,152.91,97.16,109.1,70.77,110.95,112.22,69.72,0.0,1184.14
2016-05-27,29.9,129.97,77.27,159.01,162.49,66.72,139.09,152.6,91.43,125.86,171.72,106.17,69.65,1481.88
2016-05-28,88.78,139.97,116.39,191.1,137.72,195.07,144.05,63.9,61.42,56.39,94.67,77.45,60.64,1427.5500000000004
2016-05-29,50.1,61.74,106.22,103.23,117.5,99.67,86.36,32.09,114.51,131.17,144.66,60.06,0.0,1107.31
2016-05-30,55.18,87.95,105.46,149.05,179.66,103.39,134.91,108.49,76.51,81.03,113.63,85.2,0.0,1280.4600000000003
2016-05-31,83.42,54.83,86.1,110.42,81.38,71.61,107.82,142.57,53.19,100.33,64.48,13.95,0.0,970.1
2016-06-01,50.46,26.9,57.27,63.86,42.58,65.74,60.63,61.71,78.08,87.13,62.9,59.65,0.0,716.9099999999999
2016-06-02,19.44,76.09,68.24,62.0,98.3,78.17,86.98,73.77,53.85,71.43,102.69,76.2,0.0,867.1600000000001
2016-06-03,114.12,93.48,74.21,135.4,131.21,133.72,114.35,108.0,88.65,42.02,98.91,149.31,81.11,1364.49
2016-06-04,43.04,77.75,113.5,209.99,152.44,55.13,142.17,89.22,62.9,70.38,135.07,73.6,24.65,1249.84
2016-06-05,46.03,106.32,125.84,127.3,252.07,160.99,132.4,70.1,116.73,91.15,84.58,28.53,0.0,1342.04
2016-06-06,35.69,70.07,58.43,48.38,142.63,79.39,107.65,107.07,98.16,118.63,104.96,54.04,0.0,1025.1
2016-06-07,24.1,86.49,66.62,93.3,56.45,82.78,76.33,86.45,132.44,59.6,112.76,73.16,0.0,950.48
2016-06-08,36.98,20.4,91.77,81.04,107.27,50.48,76.01,92.04,52.0,104.97,128.26,82.11,0.0,923.33
2016-06-09,20.1,44.65,85.7,94.67,71.91,134.45,155.72,27.59,55.56,60.79,138.02,82.56,0.0,971.7199999999998
2016-06-10,35.8,48.34,67.4,123.25,109.68,121.73,79.86,112.27,95.35,20.73,135.24,81.64,15.45,1046.7400000000002
2016-06-11,86.21,111.83,115.51,185.94,199.25,178.52,73.25,128.55,77.68,60.98,98.65,116.84,12.4,1445.6100000000001
2016-06-12,62.95,101.18,115.99,149.84,142.88,181.97,117.37,142.89,121.82,160.79,60.7,108.03,0.0,1466.4099999999999
2016-06-13,77.98,69.14,104.19,73.98,68.09,137.02,92.77,86.39,118.66,60.98,144.88,62.56,0.0,1096.6399999999999
2016-06-14,50.25,96.0,78.47,74.73,110.35,122.29,102.59,66.18,102.26,82.58,90.95,96.13,0.0,1072.78
2016-06-15,129.79,113.43,71.57,134.76,167.63,100.69,145.23,109.87,58.24,145.97,159.3,73.55,0.0,1410.0299999999997
2016-06-16,73.47,82.32,163.16,87.75,201.58,125.82,142.02,133.21,108.81,78.39,116.26,104.11,0.0,1416.8999999999999
2016-06-17,38.85,78.31,87.92,84.95,93.58,82.32,81.13,81.9,104.37,102.43,143.44,52.42,57.4,1089.0200000000002
2016-06-18,59.23,126.77,97.74,100.69,173.87,137.08,166.06,146.89,83.76,110.59,106.94,66.43,53.75,1429.8000000000002
2016-06-19,101.22,90.89,200.71,216.3,215.91,255.71,102.99,62.9,69.05,176.79,110.86,39.18,0.0,1642.51
2016-06-20,82.78,67.2,42.49,156.56,195.62,172.89,129.03,123.9,96.83,86.81,124.93,46.89,0.0,1325.93
2016-06-21,45.05,95.21,158.0,104.51,113.25,103.8,105.44,108.03,96.96,64.82,60.12,106.34,0.0,1161.5299999999997
2016-06-22,56.93,61.37,67.52,40.65,93.34,85.75,111.44,101.14,55.72,110.52,124.07,87.34,0.0,995.7899999999998
2016-06-23,36.29,68.37,90.8,86.04,95.94,127.07,125.26,132.04,72.89,109.4,118.36,105.66,0.0,1168.12
2016-06-24,35.59,30.95,86.6,207.19,111.78,182.37,123.92,83.9,62.79,82.45,180.85,69.19,66.09,1323.6699999999998
2016-06-25,64.11,83.71,111.43,162.78,150.26,160.94,153.92,91.34,53.95,107.57,125.85,121.99,78.13,1465.98
2016-06-26,51.84,80.49,37.51,191.13,190.16,244.75,70.56,120.78,72.38,118.51,129.76,62.83,0.0,1370.6999999999998
2016-06-27,91.9,66.67,75.12,109.03,156.45,107.33,93.35,104.4,47.51,55.32,78.94,89.17,0.0,1075.19
2016-06-28,65.57,69.84,76.9,81.37,93.14,54.44,118.82,28.83,81.62,47.16,96.85,77.32,0.0,891.8599999999999
2016-06-29,27.6,62.68,50.1,95.1,72.84,35.49,95.65,110.51,62.2,136.83,76.33,98.16,0.0,923.4900000000001
2016-06-30,20.35,68.68,58.88,73.55,83.79,91.48,88.14,75.55,148.69,116.87,100.17,88.59,0.0,1014.7400000000001
2016-07-01,57.38,73.23,107.5,58.65,117.35,101.36,80.7,125.92,106.75,39.33,64.38,68.41,67.87,1068.83
2016-07-02,46.22,50.03,124.02,78.57,99.69,137.65,169.87,41.35,92.43,111.13,111.74,84.77,47.03,1194.4999999999998
2016-07-03,52.04,57.05,135.52,85.24,120.3,134.68,116.55,129.27,103.15,96.33,105.76,118.13,0.0,1254.02
2016-07-04,33.9,123.15,119.35,135.04,182.4,91.64,102.55,80.57,39.05,115.3,103.56,59.18,0.0,1185.69
2016-07-05,33.41,43.15,63.16,141.99,91.79,114.88,96.84,115.91,82.4,101.43,64.63,79.97,0.0,1029.56
2016-07-06,71.23,22.8,46.95,65.48,76.44,87.62,48.98,55.55,62.45,89.09,104.87,79.08,0.0,810.5400000000002
2016-07-07,31.43,76.06,74.57,90.26,116.11,78.05,43.3,63.0,82.96,96.83,108.2,103.9,0.0,964.6700000000001
2016-07-08,51.18,45.45,73.4,84.82,94.28,96.21,77.4,70.69,118.07,76.49,160.13,86.4,15.0,1049.52
2016-07-09,68.29,67.95,57.25,113.21,143.01,180.36,138.55,99.7,107.82,144.49,143.19,130.6,100.92,1495.34
2016-07-10,31.8,61.35,154.82,200.3,184.84,163.63,116.99,102.62,108.82,138.11,187.51,93.82,0.0,1544.6100000000001
2016-07-11,51.2,66.21,51.0,46.88,114.76,135.53,136.56,100.75,60.42,77.42,136.66,69.88,0.0,1047.27
2016-07-12,64.37,88.6,93.71,66.8,141.43,116.97,110.39,142.5,59.74,81.0,122.05,62.39,0.0,1149.95
2016-07-13,51.77,108.33,54.5,156.85,149.43,105.93,118.22,109.49,114.92,128.27,186.81,94.22,0.0,1378.74
2016-07-14,35.09,71.7,51.05,87.3,85.76,114.82,91.65,104.63,52.7,96.56,61.43,82.31,0.0,935.0
2016-07-15,56.75,86.9,63.65,133.69,131.72,93.7,104.96,100.92,71.74,139.78,91.2,133.28,45.6,1253.8899999999999
2016-07-16,59.1,88.25,138.46,136.01,126.05,99.24,115.09,122.03,139.6,146.82,139.99,137.39,49.33,1497.3600000000001
2016-07-17,55.02,68.66,85.3,113.74,104.19,152.87,155.59,125.1,100.51,124.65,100.53,58.13,0.0,1244.2900000000002
2016-07-18,73.86,22.7,180.37,115.39,103.35,85.6,52.89,73.73,36.45,100.0,48.6,33.12,0.0,926.0600000000001
2016-07-19,29.91,48.68,216.68,145.32,141.75,126.57,126.9,111.02,59.1,64.25,115.24,50.55,0.0,1235.97
2016-07-20,56.43,38.82,121.92,75.14,126.81,74.72,112.46,117.0,95.61,85.53,157.91,51.59,0.0,1113.9399999999998
2016-07-21,46.38,93.77,115.02,120.18,109.78,90.23,87.28,102.29,129.57,90.6,103.07,50.24,0.0,1138.41
2016-07-22,32.46,46.89,76.09,34.0,136.05,141.15,96.78,129.53,111.8,99.22,147.49,101.47,55.1,1208.03
2016-07-23,75.13,62.67,149.36,145.9,142.26,183.76,172.65,99.86,88.11,144.5,122.63,91.42,38.5,1516.75
2016-07-24,27.79,56.71,53.93,175.98,161.14,104.63,106.1,153.78,182.41,115.17,115.42,54.91,0.0,1307.97
2016-07-25,19.93,42.93,115.93,137.59,111.77,70.76,86.6,81.89,22.54,58.16,65.38,33.29,0.0,846.7699999999999
2016-07-26,47.39,49.02,107.0,86.77,54.9,125.32,115.92,93.22,120.68,69.25,62.95,76.69,0.0,1009.1100000000001
2016-07-27,29.45,43.35,46.32,12.15,60.45,101.67,80.04,68.24,116.01,66.9,88.1,42.3,0.0,754.9799999999999
2016-07-28,8.25,48.34,50.69,96.89,71.93,78.33,184.92,70.58,98.8,65.83,141.46,40.6,0.0,956.62
2016-07-29,24.02,22.2,44.08,71.04,98.42,135.5,101.31,85.34,57.88,83.07,134.58,187.51,26.4,1071.3500000000004
2016-07-30,31.09,123.53,139.77,120.73,157.71,149.65,156.87,79.93,118.89,64.89,81.01,42.73,46.35,1313.15
2016-07-31,75.52,66.14,56.78,142.13,141.35,195.25,139.0,111.12,125.93,140.28,72.71,80.92705882352938,0.0,1347.1370588235295
2016-08-01,62.24,84.34,75.99,103.08,81.53,150.75000000000003,86.20000000000002,72.58999999999999,114.60000000000001,87.30000000000001,104.47000000000001,98.62000000000002,0.0,1121.7100000000003
2016-08-02,21.5,69.88,48.27,71.84,79.70000000000002,117.53,65.17999999999999,55.55,57.400000000000006,87.08999999999999,79.63,21.71,0.0,775.2800000000001
2016-08-03,23.689999999999998,59.19,61.529999999999994,78.43000000000002,61.63999999999999,139.54,86.97,76.67,78.03000000000002,35.03,99.5,91.53999999999999,0.0,891.7599999999999
2016-08-04,39.15,28.5,35.2,96.87,72.16999999999999,58.489999999999995,115.71999999999998,70.01999999999998,86.5,109.67000000000002,101.25,61.300000000000004,0.0,874.8399999999999
2016-08-05,16.35,129.48000000000002,44.55,63.45,144.92,66.67999999999999,88.44,37.949999999999996,77.48,108.43,84.24000000000001,69.27,24.25,955.49
2016-08-06,67.33,44.94,66.35,144.2,187.62,95.59,89.25,62.230000000000004,80.85,169.06000000000006,80.66,60.63999999999999,88.34,1237.0600000000002
2016-08-07,29.939999999999998,63.66,72.44,115.36000000000001,137.08,127.53999999999999,133.06,89.22000000000001,91.86999999999999,141.29999999999998,130.61,52.79,0.0,1184.87
2016-08-08,11.5,61.34,100.84,94.22000000000001,86.53000000000002,39.690000000000005,73.21000000000001,68.01,135.57,58.489999999999995,79.75000000000001,124.30000000000001,0.0,933.45
2016-08-09,27.4,65.46000000000001,98.87000000000002,90.75000000000001,125.00999999999999,154.72,69.4,64.5,51.99,107.41999999999999,73.0,137.97000000000003,0.0,1066.49
2016-08-10,27.29,27.83,76.18,94.42000000000002,109.31000000000003,92.38,119.99,90.33,85.25999999999999,57.0,82.3,65.47999999999999,0.0,927.77
2016-08-11,14.04,57.74,43.71,84.28000000000002,127.52000000000002,62.629999999999995,72.63000000000001,53.32,71.08999999999999,105.26,74.23,50.54,0.0,816.99
2016-08-12,50.68999999999999,182.94000000000005,72.60000000000001,92.44,121.98,105.60000000000001,56.33,106.42000000000002,113.46000000000002,100.57000000000001,84.01,93.36999999999999,108.22,1288.63
2016-08-13,55.17,70.35,169.12,105.41000000000001,128.83,116.06999999999998,129.82,79.38,64.9,71.13999999999999,64.31,137.22000000000003,46.38999999999999,1238.1100000000001
2016-08-14,39.93,50.87,81.02,133.91,116.02,104.14999999999999,90.44,92.64000000000001,125.02,81.28000000000002,135.74,11.08,0.0,1062.1
2016-08-15,91.99,111.30000000000001,111.64999999999999,144.43,175.78000000000003,150.95000000000002,134.87000000000003,71.12,59.24999999999999,119.11000000000001,82.08,79.39999999999999,0.0,1331.9299999999998
2016-08-16,92.85,98.99000000000001,106.29,132.69000000000003,157.77000000000004,148.01,80.02,65.7,97.73000000000002,75.59,67.41,68.33,0.0,1191.38
2016-08-17,46.11,124.82000000000002,124.68000000000002,113.88000000000001,168.61000000000007,116.16000000000005,77.50999999999999,70.66999999999999,112.53,74.72000000000001,82.97999999999999,58.53,0.0,1171.2
2016-08-18,73.94,137.82000000000005,123.3,140.77000000000004,155.13000000000008,136.62,135.83,29.409999999999997,94.64,82.89,83.14,63.56,0.0,1257.0500000000004
2016-08-19,44.72,90.88000000000001,68.86,127.58999999999999,118.49000000000001,206.80000000000004,100.38000000000002,128.82999999999998,114.55000000000003,108.29000000000002,93.32000000000002,94.98000000000002,52.18999999999999,1349.8800000000003
2016-08-20,110.56,76.16999999999999,91.59,113.01,129.42000000000002,115.15000000000002,106.02000000000001,75.44,88.32000000000002,75.68,113.52000000000001,58.40999999999999,25.589999999999996,1178.88
2016-08-21,46.9,47.949999999999996,135.08,135.60999999999999,141.56,73.39,133.50000000000003,92.60000000000001,148.13000000000005,74.63,48.39,46.96,0.0,1124.7
2016-08-22,15.0,75.58,80.28,117.11000000000003,142.68999999999997,109.97000000000003,63.65999999999999,87.32000000000002,56.69999999999999,85.96000000000002,76.13,50.61,0.0,961.01
2016-08-23,41.64,113.73000000000002,128.79000000000002,118.87,158.59000000000006,108.27000000000001,73.89,85.63000000000001,87.72000000000001,66.1,86.94999999999999,64.69,0.0,1134.8700000000001
2016-08-24,61.3,119.37,160.60000000000005,134.26,166.35000000000008,113.74000000000001,128.33000000000004,84.08,80.52,104.09,76.33,29.18,0.0,1258.15
2016-08-25,65.6,84.49000000000001,72.65,73.58999999999999,141.52,157.79000000000005,119.36999999999998,82.19,128.28,116.74000000000002,117.37,97.35000000000002,0.0,1256.94
2016-08-26,67.75,109.77000000000001,92.34000000000002,161.94000000000005,86.56,252.59000000000012,141.4,132.88000000000005,133.91000000000005,90.83,145.05,88.50000000000001,49.57,1553.0900000000001
2016-08-27,29.249999999999993,70.14999999999999,141.96000000000004,198.33,175.10000000000002,120.70999999999998,72.47999999999999,94.50000000000001,104.09,106.72000000000003,131.05,88.57,40.980000000000004,1373.8899999999999
2016-08-28,86.53000000000002,73.39,160.11,185.34000000000006,179.34000000000006,111.58000000000003,151.33000000000004,83.55000000000001,73.78,83.74999999999999,170.82000000000005,48.540000000000006,0.0,1408.0600000000004
2016-08-29,35.94,116.33000000000003,91.87,112.28000000000002,192.45000000000007,235.45000000000005,106.78999999999999,148.27,94.96000000000001,108.12000000000003,109.18000000000002,81.7,0.0,1433.3400000000004
2016-08-30,61.38999999999999,89.96000000000004,104.62999999999998,174.73000000000005,122.33000000000003,175.6700000000001,118.37000000000002,116.71000000000001,84.72000000000001,74.45,85.04,44.4,0.0,1252.4000000000003
2016-08-31,85.63000000000001,115.14999999999999,160.21000000000006,146.44000000000005,159.65000000000003,134.02000000000004,177.38000000000008,121.56000000000002,128.48000000000002,137.65,93.17,36.23,0.0,1495.5700000000004
2016-09-01,18.55,116.42000000000004,132.09,48.739999999999995,146.77000000000004,107.62,119.35,49.49999999999999,119.08000000000003,91.54999999999998,128.51000000000002,62.31,0.0,1140.49
2016-09-02,84.75999999999999,96.03,97.86,146.04000000000002,157.45,152.32000000000005,163.31,113.13000000000001,91.35,115.01,115.31,64.47000000000001,65.02999999999999,1462.07
2016-09-03,45.14,34.349999999999994,96.89999999999999,127.13,130.25,85.39,117.92999999999999,106.26000000000002,73.21,157.66000000000005,94.92,73.42000000000002,58.87,1201.43
2016-09-04,23.6,108.92,59.61,113.61,91.69000000000001,132.16,115.97,215.99,109.24000000000001,67.15,71.38999999999999,101.28999999999999,0.0,1210.62
2016-09-05,44.78,130.08,107.50000000000001,201.31000000000003,282.23,166.17,131.42999999999998,127.99000000000002,89.15,128.94,118.06000000000002,14.85,0.0,1542.49
2016-09-06,59.88,119.97000000000001,99.03999999999998,89.83000000000001,120.28000000000004,118.27000000000004,139.13000000000002,115.49000000000001,61.489999999999995,96.23000000000002,97.43000000000002,117.36,0.0,1234.4
2016-09-07,3.9,152.19999999999996,198.07000000000002,190.97000000000003,228.03000000000003,231.41999999999996,130.01000000000002,87.47,101.52,96.27,178.86,21.380000000000003,0.0,1620.1000000000004
2016-09-08,107.75999999999999,123.13999999999999,108.04,55.980000000000004,125.03000000000002,148.51,125.02,102.56000000000002,95.93,53.46,67.28,63.22,0.0,1175.93
2016-09-09,47.56,65.72000000000001,76.09000000000002,42.44,120.53000000000002,178.56000000000006,155.24,55.529999999999994,100.00000000000001,163.02000000000004,94.85000000000001,87.37,54.480000000000004,1241.3900000000003
2016-09-10,39.18,105.13,124.64000000000001,156.62,170.88,103.06,116.77999999999999,100.08000000000001,66.38,200.45000000000002,116.89999999999999,19.1,31.68,1350.88
2016-09-11,43.04,108.16000000000003,71.41,142.06000000000003,106.32,172.06999999999996,88.58999999999999,140.85999999999999,153.35000000000002,103.76,89.58999999999999,16.15,0.0,1235.3600000000001
2016-09-12,44.3,79.14,63.66,79.69000000000001,99.83999999999999,149.37,77.63,77.07,122.23,35.1,42.88,61.38999999999999,0.0,932.3000000000001
2016-09-13,77.79,102.8,104.70000000000002,152.89,155.81000000000003,235.82999999999998,116.72,72.74000000000001,101.96,108.54,140.06,75.83,0.0,1445.6699999999998
2016-09-14,103.91,69.7,200.51000000000005,108.98000000000002,225.95000000000005,132.09000000000003,93.42000000000002,66.7,96.08000000000001,142.07000000000002,152.70000000000005,87.47,0.0,1479.5800000000002
2016-09-15,56.24999999999999,135.01000000000002,80.55000000000001,72.09,94.91999999999999,147.96000000000004,90.07,81.14999999999998,70.59,114.37,124.75999999999999,30.33,0.0,1098.05
2016-09-16,51.8,95.24999999999999,117.72,74.92,179.35000000000002,209.92999999999998,133.92,143.35000000000002,70.05000000000001,71.84,160.91000000000003,62.93000000000001,41.029999999999994,1413.0
2016-09-17,48.940000000000005,71.35000000000001,89.41000000000001,194.05000000000004,160.73000000000002,94.23,100.48,88.39999999999999,112.03,49.779999999999994,132.23000000000002,59.09,83.37000000000002,1284.0900000000001
2016-09-18,56.25,137.8,119.18,174.86999999999998,169.71,166.04,191.95,99.96000000000002,95.54,106.49000000000001,136.94000000000003,45.54,0.0,1500.27
2016-09-19,39.39,98.79,127.47,124.55999999999999,140.53000000000003,177.11999999999998,120.13000000000001,91.03,84.41,75.72999999999999,94.98,69.26,0.0,1243.3999999999999
2016-09-20,50.029999999999994,115.29,76.36999999999999,76.33,90.55,58.29,75.4,83.10000000000001,78.72999999999999,81.00000000000001,88.64,89.41000000000001,0.0,963.14
2016-09-21,44.64,72.5,88.69000000000001,81.88,147.47000000000003,105.72000000000003,174.3,104.7,86.96000000000001,74.99000000000001,35.3,28.59,0.0,1045.74
2016-09-22,74.03999999999999,59.050000000000004,112.48,66.52,121.44000000000003,120.42,140.08,77.19,75.28,91.96000000000001,93.84,56.03999999999999,0.0,1088.34
2016-09-23,62.42,109.74000000000001,107.19,46.19,146.95000000000002,180.78,144.62,84.33,42.43,56.41,133.15,106.06,75.52,1295.79
2016-09-24,96.12000000000002,178.52999999999997,136.2,203.54,224.51000000000005,150.91000000000003,161.01999999999998,193.49,77.77,116.38999999999999,136.52,60.53,65.72,1801.25
2016-09-25,90.56,109.84,188.75,249.33000000000004,240.82999999999998,252.57000000000005,180.48000000000002,154.29999999999998,66.99,175.17,105.97000000000001,91.78,0.0,1906.5700000000002
2016-09-26,114.74000000000001,144.79000000000002,211.71,168.37,206.42000000000004,192.64000000000007,214.29000000000005,128.57999999999998,81.29,135.17000000000002,93.19,90.65,0.0,1781.8400000000004
2016-09-27,67.78999999999999,111.57000000000001,113.03,121.43000000000002,109.76,124.63000000000004,47.09,80.21000000000001,38.79,80.45,61.24,55.76,0.0,1011.7500000000001
2016-09-28,36.379999999999995,77.41000000000001,123.18,122.13000000000004,61.21,137.39000000000001,99.50999999999999,56.78,36.269999999999996,143.49,53.65,27.25,0.0,974.65
2016-09-29,33.58,92.05,77.15,61.779999999999994,86.50999999999999,112.81000000000002,83.17999999999999,66.88000000000001,66.8,94.23,150.89000000000004,60.84000000000001,0.0,986.7000000000002
2016-09-30,67.93,93.26000000000002,128.87,124.11000000000001,86.39,160.50000000000003,128.61,96.25999999999999,90.45,136.18000000000004,128.91,76.77000000000001,59.650000000000006,1377.8900000000003
2016-10-01,66.22,96.32,254.23000000000005,219.18,208.37000000000003,193.70000000000005,150.94000000000003,158.49000000000004,72.33999999999999,112.39999999999999,132.06,65.99,46.489999999999995,1776.7300000000002
2016-10-02,24.64,76.04,97.92,215.5200000000001,130.58000000000004,112.44999999999999,115.84,99.58999999999999,162.81000000000003,122.18,128.39000000000001,88.59,0.0,1374.5500000000002
2016-10-03,15.0,48.15,91.26,89.97999999999999,75.87,100.59,69.33,126.56000000000002,91.21000000000002,71.33,108.17,49.94,0.0,937.3900000000001
2016-10-04,49.129999999999995,123.91000000000001,150.05,124.80999999999997,161.41000000000003,173.15999999999997,121.68000000000002,67.53,73.37,93.04000000000002,70.21000000000001,87.87,0.0,1296.17
2016-10-05,43.84,118.99000000000004,208.06000000000003,105.35000000000001,159.03000000000003,174.37000000000003,148.71,116.28999999999999,48.69,83.31,49.19,57.68,0.0,1313.5100000000002
2016-10-06,82.32000000000001,96.06,123.88,137.10000000000002,78.89,125.09,149.61,76.12,76.36,74.27000000000001,127.66,87.44,0.0,1234.8000000000002
2016-10-07,123.84,132.89000000000001,144.85,102.17999999999999,133.22,215.18999999999997,137.08,209.02000000000004,48.97,99.4,154.40999999999997,145.39000000000001,60.08,1706.5200000000002
2016-10-08,138.29999999999998,73.49000000000001,208.64999999999995,244.73999999999995,257.96999999999997,257.31,140.38,99.84,90.85,155.66,47.16,96.65,19.6,1830.6
2016-10-09,59.8,157.62,170.33000000000004,181.04000000000002,129.19000000000003,183.02,143.58,63.63999999999999,190.16000000000003,79.86000000000001,57.74,39.39,0.0,1455.3700000000003
2016-10-10,98.93,84.25,136.09000000000003,97.05000000000003,165.09000000000003,112.89999999999999,115.30000000000005,79.30000000000001,58.24999999999999,89.44000000000001,90.53,7.890000000000001,0.0,1135.0200000000002
2016-10-11,70.21,111.42,108.52000000000001,127.99000000000002,87.69999999999999,112.20000000000002,154.68,101.38999999999999,95.43000000000002,35.24,115.24000000000001,64.22,0.0,1184.2400000000002
2016-10-12,59.769999999999996,39.589999999999996,98.94,113.47000000000003,79.32,121.67000000000002,116.14000000000001,72.21999999999998,72.04,54.54,94.28999999999999,61.269999999999996,0.0,983.2599999999999
2016-10-13,40.26,66.22999999999999,75.57,128.34000000000003,73.77,86.2,116.1,107.63000000000001,83.13,82.83,79.65,43.9,0.0,983.61
2016-10-14,42.18,47.24999999999999,25.130000000000003,87.44999999999999,121.5,100.99,89.44000000000001,117.80999999999999,95.57000000000001,102.09,177.37000000000006,81.78,62.59000000000001,1151.15
2016-10-15,41.13,60.76,104.53999999999999,141.27,149.85000000000002,126.82000000000001,110.53,24.25,153.44,71.67000000000002,90.82999999999998,50.55,26.639999999999997,1152.2800000000002
2016-10-16,16.09,50.03,61.489999999999995,62.779999999999994,184.93000000000004,115.39000000000001,129.60999999999999,101.71999999999998,95.62,19.82,101.82000000000001,65.82000000000001,0.0,1005.1200000000002
2016-10-17,36.3,120.09,68.84000000000002,73.11,112.82000000000002,188.43000000000004,134.83,75.69,91.33999999999999,85.38999999999999,110.46000000000001,90.26,0.0,1187.5600000000002
2016-10-18,12.3,24.11,67.11999999999999,66.99,126.17000000000002,161.35000000000002,131.15,101.89,78.52000000000001,57.839999999999996,61.36000000000001,81.67,0.0,970.47
2016-10-19,49.48,114.22000000000003,216.77,151.75000000000003,183.67,139.23,100.36000000000001,93.77000000000001,82.66000000000001,105.11,73.27,63.3,0.0,1373.59
2016-10-20,113.94,124.51999999999998,124.85999999999997,184.71,116.71000000000002,142.59000000000003,146.05,59.510000000000005,49.35,86.59000000000002,74.80999999999999,58.980000000000004,0.0,1282.62
2016-10-21,79.00999999999999,80.27,83.61000000000001,90.09,153.83,134.48000000000002,136.92000000000002,131.78000000000003,145.88,105.08,105.48,39.08,90.69000000000003,1376.2
2016-10-22,38.800000000000004,145.62999999999997,157.39000000000001,137.92,209.74000000000004,154.17000000000002,134.96,119.17999999999999,116.54,110.92,116.89000000000001,143.83,81.65,1667.6200000000001
2016-10-23,61.18,54.99,167.06000000000003,139.25,271.70000000000005,203.49999999999997,159.45000000000002,95.46000000000001,90.34,74.12,92.06000000000002,75.13,0.0,1484.2400000000002
2016-10-24,60.230000000000004,73.63,99.65,74.39,84.44,121.18000000000004,102.81,53.66,39.86,57.660000000000004,66.72,44.339999999999996,0.0,878.57
2016-10-25,84.31,72.75,65.80000000000001,102.68,71.15,88.75000000000001,94.66000000000001,66.2,49.92,117.24,96.41,95.61,0.0,1005.48
2016-10-26,54.739999999999995,100.67,167.02000000000004,139.08,123.12000000000002,108.88,122.15000000000002,46.55,48.029999999999994,66.78,92.03,47.79,0.0,1116.84
2016-10-27,54.94,71.48,120.35999999999999,68.86,110.27000000000002,90.85000000000002,91.67000000000002,60.78,38.839999999999996,106.34000000000002,79.14,62.58,0.0,956.1100000000001
2016-10-28,50.55,53.17,77.43,124.33000000000001,156.17000000000002,186.56000000000006,156.72,111.21000000000001,93.92999999999999,97.33000000000001,61.029999999999994,126.61000000000001,20.990000000000002,1316.03
2016-10-29,56.800000000000004,154.41,172.63000000000002,220.57000000000002,186.17000000000002,93.57000000000001,104.69999999999999,62.64,47.53,88.40000000000002,125.62,93.55999999999999,50.48,1457.08
2016-10-30,8.75,93.32,187.31,161.55,189.01999999999998,132.51,107.19,107.92000000000002,94.67,87.65,127.39,29.27,0.0,1326.5500000000002
2016-10-31,55.39,83.17999999999999,144.67000000000002,95.63000000000001,118.94,141.11000000000004,77.88000000000001,53.9,58.64999999999999,75.64,76.20000000000002,23.939999999999998,0.0,1005.1300000000001
2016-11-01,87.48,34.949999999999996,73.65,112.05000000000001,141.91,117.99000000000001,99.77999999999999,81.78,101.71000000000001,77.17999999999999,52.83,104.51,0.0,1085.82
2016-11-02,40.1,126.39,144.26000000000002,100.51000000000003,130.78,103.73000000000002,96.92,93.04,103.68,89.37,92.85,69.03999999999999,0.0,1190.67
2016-11-03,63.02,108.56000000000003,88.38,165.36000000000004,123.63000000000001,176.27,107.63000000000001,79.52,69.18,69.09,105.03999999999999,93.74999999999999,0.0,1249.43
2016-11-04,111.92,107.6,63.34,79.19,142.00000000000003,143.58,107.76,165.97,39.0,195.29000000000002,101.44000000000001,87.11000000000001,33.21,1377.4100000000003
2016-11-05,73.63,178.0,132.96,119.36,144.08,174.09,98.77000000000001,92.05999999999999,80.31,100.85,107.59000000000002,133.36,61.65,1496.71
2016-11-06,52.650000000000006,49.68999999999999,120.81000000000002,138.74,165.08,214.35000000000002,97.54999999999998,102.87,110.49000000000001,95.83,99.94000000000001,42.699999999999996,0.0,1290.7
2016-11-07,70.99,65.89,85.61,126.13000000000001,123.06000000000002,100.75000000000001,113.75,66.86,96.67000000000002,65.41,53.89,44.220000000000006,0.0,1013.23
2016-11-08,71.30000000000001,120.75999999999999,181.88,167.48000000000002,171.92000000000002,145.04,79.05,108.6,72.16,87.00999999999999,81.47999999999999,31.18,0.0,1317.8600000000004
2016-11-09,100.68000000000002,166.94,158.45000000000002,218.68000000000004,139.20000000000002,65.58999999999999,75.22999999999999,107.53,23.049999999999997,80.53,110.97,52.4,0.0,1299.25
2016-11-10,101.14000000000001,119.83999999999999,97.51000000000002,138.35,111.47,128.03,98.31,118.48,113.21000000000002,94.16999999999999,121.79000000000002,85.23,0.0,1327.5300000000002
2016-11-11,59.39,102.85,128.51000000000002,119.36000000000001,114.60000000000001,102.43000000000002,105.78999999999998,114.25000000000001,61.65,72.28999999999999,138.72000000000003,105.78,46.04,1271.66
2016-11-12,79.52,123.63999999999999,95.3,146.05,119.49000000000001,143.67,139.78,85.96000000000001,133.95,77.15,77.84,47.03,39.65,1309.03
2016-11-13,65.32,96.63999999999999,183.78000000000003,168.34,137.00000000000003,227.43,91.06,93.88999999999999,91.85,79.88,139.82,47.87,0.0,1422.8799999999999
2016-11-14,23.150000000000002,96.00999999999999,134.29999999999998,117.05,88.52000000000001,69.69999999999999,92.18000000000002,68.52,67.08999999999999,28.19,43.31,41.54,0.0,869.5600000000002
2016-11-15,59.2,129.9,66.17999999999999,162.14000000000001,108.37000000000002,98.27000000000002,82.80000000000003,53.32,73.05,68.74,42.79,23.950000000000003,0.0,968.71
2016-11-16,84.7,115.73000000000003,130.73000000000002,49.839999999999996,122.71000000000001,118.36,55.160000000000004,73.51,51.22,160.52,79.80999999999999,60.35,0.0,1102.6399999999999
2016-11-17,101.21,124.44000000000001,109.63999999999999,120.68000000000004,182.91000000000005,125.43000000000002,97.46,48.57,106.69000000000001,62.550000000000004,96.27,62.349999999999994,0.0,1238.2
2016-11-18,94.08,43.540000000000006,85.07,165.27,127.92999999999999,172.18,97.21000000000002,117.32,51.88999999999999,124.44999999999999,117.63,126.31,82.11,1404.99
2016-11-19,45.199999999999996,94.67999999999999,19.5,84.51,104.88000000000001,109.95000000000003,106.75000000000001,71.57,85.6,70.03,76.37,63.99,33.18,966.2099999999999
2016-11-20,37.1,60.18,93.92,142.77999999999997,143.18,141.04,39.690000000000005,76.03,97.94,88.33999999999999,70.97,66.89,0.0,1058.0600000000002
2016-11-21,61.39000000000001,96.89999999999999,117.38,41.97,121.83,118.22999999999999,88.85000000000001,70.53,63.21,44.73,58.3,34.9,0.0,918.2199999999999
2016-11-22,57.849999999999994,87.03,82.89000000000001,96.03,112.92,169.16000000000005,118.72999999999999,65.03999999999999,94.77,123.05999999999999,134.14000000000001,49.099999999999994,0.0,1190.72
2016-11-23,128.08,119.20000000000002,117.84000000000003,118.33,118.47,151.21000000000004,108.53,96.47000000000003,151.76000000000002,103.38000000000001,181.53000000000003,108.46000000000001,0.0,1503.2600000000002
2016-11-24,39.830000000000005,209.13000000000002,104.84000000000002,264.84000000000003,221.91000000000003,187.47000000000006,98.87,69.74,83.38117647058823,91.14352941176469,86.59117647058822,68.78205882352941,0.0,1526.5279411764707
2016-11-25,26.740000000000002,88.87000000000002,15.35,89.80000000000001,68.77,150.51,80.35,78.52000000000001,100.96000000000001,108.53,96.9,80.65,30.85,1016.8
2016-11-26,36.089999999999996,52.589999999999996,121.5,94.53999999999999,105.42,101.25999999999999,63.129999999999995,75.02999999999999,54.339999999999996,127.47000000000001,35.2,106.99000000000001,68.55,1042.1100000000001
2016-11-27,32.03,111.60000000000002,74.64,229.99000000000007,192.08,114.45,180.23000000000005,76.1,60.739999999999995,125.13,78.91,36.55,0.0,1312.4500000000003
2016-11-28,48.080000000000005,96.95999999999998,64.35000000000001,39.21,86.44999999999999,132.47,43.220000000000006,36.830000000000005,94.9,79.62,65.13,60.04999999999999,0.0,847.27
2016-11-29,27.009999999999998,89.13,96.07,79.87,85.7,57.75000000000001,61.49999999999999,100.39000000000001,63.620000000000005,64.19999999999999,26.85,42.48,0.0,794.57
2016-11-30,39.63,26.0,104.52000000000002,99.18,68.88,74.46,43.49,80.14000000000003,86.64999999999999,49.5,90.97000000000001,70.69,0.0,834.1100000000001
2016-12-01,60.55,110.25000000000001,81.83000000000001,78.21,122.69000000000001,124.57000000000001,104.09000000000002,99.2,76.55,94.48,47.239999999999995,64.05,0.0,1063.71
2016-12-02,71.49000000000001,80.74,92.35000000000001,114.17999999999999,94.42000000000002,149.17000000000004,104.63000000000001,52.19,103.39999999999999,84.63000000000001,108.17,128.95999999999998,33.55,1217.88
2016-12-03,48.76,103.17,143.02,134.33,196.52999999999994,102.78,89.44000000000001,70.5,145.62,137.43999999999997,55.07999999999999,83.25999999999999,48.95,1358.88
2016-12-04,35.98,47.1,120.98000000000002,152.59000000000003,89.64000000000001,85.25999999999999,150.37,7.0,49.4,94.20000000000002,78.13000000000001,58.94999999999999,0.0,969.6000000000001
2016-12-05,68.43,48.849999999999994,101.34,129.75,73.37,131.18,70.78,81.61000000000001,59.58,36.2,81.02000000000001,49.03,0.0,931.1400000000001
2016-12-06,41.83,95.09000000000003,115.09,60.769999999999996,105.77,177.00000000000006,41.1,62.75,90.57,81.64,65.03,20.1,0.0,956.74
2016-12-07,36.400000000000006,79.42,41.12,67.68,80.8,68.0,86.02000000000001,58.55,87.36999999999999,19.75,19.64,28.65,0.0,673.4
2016-12-08,53.839999999999996,36.44,80.89,63.36000000000001,58.93999999999999,123.91,50.589999999999996,54.24,23.7,38.58,103.92000000000003,53.35,0.0,741.7600000000002
2016-12-09,24.050000000000004,65.02999999999999,71.50999999999999,80.83000000000001,112.93,168.32999999999998,106.57,86.65,98.61999999999998,28.81,94.93,80.51,57.1,1075.87
2016-12-10,15.2,46.26,54.589999999999996,69.25999999999999,109.83000000000001,94.69,77.23000000000002,59.64,72.9,130.51,93.95,78.38999999999999,38.04,940.49
2016-12-11,0.0,69.92999999999999,74.42999999999999,155.25000000000003,195.62000000000003,103.45,107.46000000000002,87.19999999999999,64.97,54.15,85.39000000000001,36.32,0.0,1034.17
2016-12-12,77.03999999999999,67.85000000000001,62.54,78.38,114.08,104.48,54.52,93.28,104.46,130.21,78.00999999999999,81.10000000000001,0.0,1045.95
2016-12-13,48.58,74.24,163.14,142.5,88.81999999999998,70.36,40.4,119.72000000000001,53.67,86.8,136.88000000000002,72.22,0.0,1097.33
2016-12-14,70.65,55.43,159.73999999999998,58.3,50.87,118.35000000000004,69.14999999999999,118.32,57.68999999999999,106.36000000000001,118.45,43.28000000000001,0.0,1026.59
2016-12-15,52.0,21.59,32.43,22.059999999999995,53.24,81.97999999999999,27.049999999999997,46.7,34.45,43.58,67.17,41.54,0.0,523.79
2016-12-16,71.57,102.75,90.92,82.94000000000001,56.86,120.08000000000001,41.9,107.27,94.86,133.98000000000002,76.0,133.43000000000004,78.13000000000001,1190.69
2016-12-17,72.58999999999999,406.42,120.23999999999998,170.40000000000003,128.07999999999998,102.96000000000001,94.73,89.02999999999999,51.18,97.53,66.07,27.39,38.33,1464.9499999999998
2016-12-18,29.83,78.84,127.71,108.28,120.67,140.01,127.51,124.07000000000002,95.08,96.63,109.17000000000002,70.41999999999999,0.0,1228.2200000000003
2016-12-19,69.64,83.12000000000002,107.83000000000001,121.0,84.77,226.73000000000002,62.269999999999996,29.02,69.05,115.08,105.66000000000003,60.129999999999995,0.0,1134.3000000000002
2016-12-20,35.11,58.46999999999999,30.459999999999997,81.25999999999998,108.71,102.09999999999998,60.78999999999999,89.52000000000002,87.48,102.32000000000001,121.58000000000001,103.75999999999999,0.0,981.5600000000001
2016-12-21,42.76,47.43,67.42999999999999,86.82000000000001,144.42999999999998,51.88,126.61000000000003,45.35,155.15,65.35,95.19,92.34,0.0,1020.7400000000001
2016-12-22,52.58999999999999,88.35999999999999,78.83,145.29000000000002,106.64000000000001,214.66,99.13,108.66,55.39,117.52000000000001,90.00999999999999,97.97,0.0,1255.0500000000002
2016-12-23,58.57,76.66,16.189999999999998,93.8,96.19000000000001,132.33,56.839999999999996,54.309999999999995,68.17,64.25,102.00000000000001,112.8,90.48,1022.5899999999999
2016-12-24,37.85,26.5,114.4,164.75000000000003,206.62,106.04,141.51999999999998,86.69346153846153,80.7823076923077,81.50807692307693,95.24538461538462,77.48615384615385,0.0,1219.3953846153845
2016-12-25,14.649999999999999,110.04,146.67999999999998,143.10999999999999,267.09000000000003,152.77,107.64,141.98,91.05,80.55000000000001,36.91,91.74,0.0,1384.21
2016-12-26,22.270000000000003,16.3,70.89999999999999,96.56,151.16,94.81000000000002,161.21,86.37,63.45,38.989999999999995,100.08000000000001,61.01999999999999,0.0,963.1200000000001
2016-12-27,38.19,64.58,130.32999999999998,71.25,122.80999999999997,69.88999999999999,113.44999999999999,97.47999999999999,91.44000000000003,104.89000000000001,90.97,67.15,0.0,1062.43
2016-12-28,11.91,62.75,88.89999999999999,71.52,91.35000000000001,127.87999999999998,98.30999999999999,119.94999999999999,72.52,75.88,132.50000000000003,205.7,0.0,1159.1699999999998
2016-12-29,48.54,44.900000000000006,121.43999999999998,85.99000000000002,140.9,174.19000000000005,61.099999999999994,96.84,151.06,107.59000000000003,173.26999999999998,94.39999999999999,0.0,1300.2200000000003
2016-12-30,30.979999999999997,69.24,118.86,74.30999999999999,126.38000000000002,52.98,64.58,66.92,120.79000000000002,100.00000000000001,115.12999999999998,122.64999999999999,35.21,1098.03
2016-12-31,34.21999999999999,66.94,129.39000000000001,226.19,147.41000000000003,179.84,83.57481481481481,86.69346153846153,80.7823076923077,81.50807692307693,95.24538461538462,77.48615384615385,0.0,1289.2801994301997
2017-01-01,35.7,78.57000000000001,150.27999999999997,137.23000000000002,231.20999999999998,127.24000000000001,108.05999999999999,128.60000000000002,85.69,62.06,117.44999999999999,89.25,0.0,1351.34
