model,p,d,q,P,D,Q,MSE,MAE,AIC,ForeMSE,ForeMAE
SARIMAX,0,0,0,0,0,0,87532.5186071436,238.17454211939526,8166.199879641494,53177.444506493615,189.21586918808384
SARIMAX,0,0,0,0,0,1,87532.5186071436,238.17454211939526,8075.645116493661,53177.444506493615,189.21586918808384
SARIMAX,0,0,0,0,1,0,87532.5186071436,238.17454211939526,8455.392713112935,53177.444506493615,189.21586918808384
SARIMAX,0,0,0,0,1,1,87532.5186071436,238.17454211939526,8022.909815005371,53177.444506493615,189.21586918808384
SARIMAX,0,0,0,1,0,0,87532.5186071436,238.17454211939526,8088.224670694382,53177.444506493615,189.21586918808384
SARIMAX,0,0,0,1,0,1,87532.5186071436,238.17454211939526,8076.731427022527,53177.444506493615,189.21586918808384
SARIMAX,0,0,0,1,1,0,87532.5186071436,238.17454211939526,8234.873968354968,53177.444506493615,189.21586918808384
SARIMAX,0,0,0,1,1,1,87532.5186071436,238.17454211939526,8019.842710941552,53177.444506493615,189.21586918808384
SARIMAX,0,0,1,0,0,0,87532.5186071436,238.17454211939526,8076.978940875129,53177.444506493615,189.21586918808384
SARIMAX,0,0,1,0,0,1,87532.5186071436,238.17454211939526,7987.256242648911,53177.444506493615,189.21586918808384
SARIMAX,0,0,1,0,1,0,87532.5186071436,238.17454211939526,8368.796902733884,53177.444506493615,189.21586918808384
SARIMAX,0,0,1,0,1,1,87532.5186071436,238.17454211939526,7932.164575579136,53177.444506493615,189.21586918808384
SARIMAX,0,0,1,1,0,0,87532.5186071436,238.17454211939526,8012.701857303289,53177.444506493615,189.21586918808384
SARIMAX,0,0,1,1,0,1,87532.5186071436,238.17454211939526,7989.307881045186,53177.444506493615,189.21586918808384
SARIMAX,0,0,1,1,1,0,87532.5186071436,238.17454211939526,8159.60857923273,53177.444506493615,189.21586918808384
SARIMAX,0,0,1,1,1,1,87532.5186071436,238.17454211939526,7933.562053789329,53177.444506493615,189.21586918808384
SARIMAX,0,0,2,0,0,0,87532.5186071436,238.17454211939526,8055.094891308731,53177.444506493615,189.21586918808384
SARIMAX,0,0,2,0,0,1,87532.5186071436,238.17454211939526,7965.06253363546,53177.444506493615,189.21586918808384
SARIMAX,0,0,2,0,1,0,87532.5186071436,238.17454211939526,8358.579891658926,53177.444506493615,189.21586918808384
SARIMAX,0,0,2,0,1,1,87532.5186071436,238.17454211939526,7910.594749886635,53177.444506493615,189.21586918808384
SARIMAX,0,0,2,1,0,0,87532.5186071436,238.17454211939526,8003.513919335362,53177.444506493615,189.21586918808384
SARIMAX,0,0,2,1,0,1,87532.5186071436,238.17454211939526,7967.16626444684,53177.444506493615,189.21586918808384
SARIMAX,0,0,2,1,1,0,87532.5186071436,238.17454211939526,8159.05778379408,53177.444506493615,189.21586918808384
SARIMAX,0,0,2,1,1,1,87532.5186071436,238.17454211939526,7913.883725538799,53177.444506493615,189.21586918808384
SARIMAX,0,0,3,0,0,0,87532.5186071436,238.17454211939526,8034.065695242656,53177.444506493615,189.21586918808384
SARIMAX,0,0,3,0,0,1,87532.5186071436,238.17454211939526,7945.478901983997,53177.444506493615,189.21586918808384
SARIMAX,0,0,3,0,1,0,87532.5186071436,238.17454211939526,8337.2968873705,53177.444506493615,189.21586918808384
SARIMAX,0,0,3,0,1,1,87532.5186071436,238.17454211939526,7888.3896616236925,53177.444506493615,189.21586918808384
SARIMAX,0,0,3,1,0,0,87532.5186071436,238.17454211939526,7996.904597514636,53177.444506493615,189.21586918808384
SARIMAX,0,0,3,1,0,1,87532.5186071436,238.17454211939526,7947.471386858342,53177.444506493615,189.21586918808384
SARIMAX,0,0,3,1,1,0,87532.5186071436,238.17454211939526,8143.692330348531,53177.444506493615,189.21586918808384
SARIMAX,0,0,3,1,1,1,87532.5186071436,238.17454211939526,7889.9247072374,53177.444506493615,189.21586918808384
SARIMAX,0,0,4,0,0,0,87532.5186071436,238.17454211939526,8017.744885519822,53177.444506493615,189.21586918808384
SARIMAX,0,0,4,0,0,1,87532.5186071436,238.17454211939526,7930.5336161662435,53177.444506493615,189.21586918808384
SARIMAX,0,0,4,0,1,0,87532.5186071436,238.17454211939526,8298.452378141123,53177.444506493615,189.21586918808384
SARIMAX,0,0,4,0,1,1,87532.5186071436,238.17454211939526,7872.071180262689,53177.444506493615,189.21586918808384
SARIMAX,0,0,4,1,0,0,87532.5186071436,238.17454211939526,7994.519215328015,53177.444506493615,189.21586918808384
SARIMAX,0,0,4,1,0,1,87532.5186071436,238.17454211939526,7932.504693206577,53177.444506493615,189.21586918808384
SARIMAX,0,0,4,1,1,0,87532.5186071436,238.17454211939526,8135.886403047663,53177.444506493615,189.21586918808384
SARIMAX,0,0,4,1,1,1,87532.5186071436,238.17454211939526,7876.046132951009,53177.444506493615,189.21586918808384
SARIMAX,0,1,0,0,0,0,87532.5186071436,238.17454211939526,8263.580728932593,53177.444506493615,189.21586918808384
SARIMAX,0,1,0,0,0,1,87532.5186071436,238.17454211939526,8189.067644377275,53177.444506493615,189.21586918808384
SARIMAX,0,1,0,0,1,0,87532.5186071436,238.17454211939526,8568.82733040371,53177.444506493615,189.21586918808384
SARIMAX,0,1,0,0,1,1,87532.5186071436,238.17454211939526,8120.700291695255,53177.444506493615,189.21586918808384
SARIMAX,0,1,0,1,0,0,87532.5186071436,238.17454211939526,8204.101490130404,53177.444506493615,189.21586918808384
SARIMAX,0,1,0,1,0,1,87532.5186071436,238.17454211939526,8219.623174306738,53177.444506493615,189.21586918808384
SARIMAX,0,1,0,1,1,0,87532.5186071436,238.17454211939526,8326.568431213302,53177.444506493615,189.21586918808384
SARIMAX,0,1,0,1,1,1,87532.5186071436,238.17454211939526,8122.004334721628,53177.444506493615,189.21586918808384
SARIMAX,0,1,1,0,0,0,87532.5186071436,238.17454211939526,8100.747981491293,53177.444506493615,189.21586918808384
SARIMAX,0,1,1,0,0,1,87532.5186071436,238.17454211939526,8010.487904815782,53177.444506493615,189.21586918808384
SARIMAX,0,1,1,0,1,0,87532.5186071436,238.17454211939526,8430.647439062992,53177.444506493615,189.21586918808384
SARIMAX,0,1,1,0,1,1,87532.5186071436,238.17454211939526,7953.133063401607,53177.444506493615,189.21586918808384
SARIMAX,0,1,1,1,0,0,87532.5186071436,238.17454211939526,8036.245190000594,53177.444506493615,189.21586918808384
SARIMAX,0,1,1,1,0,1,87532.5186071436,238.17454211939526,8050.88599543013,53177.444506493615,189.21586918808384
SARIMAX,0,1,1,1,1,0,87532.5186071436,238.17454211939526,8197.189485832725,53177.444506493615,189.21586918808384
SARIMAX,0,1,1,1,1,1,87532.5186071436,238.17454211939526,7954.54225479627,53177.444506493615,189.21586918808384
SARIMAX,0,1,2,0,0,0,87532.5186071436,238.17454211939526,8096.498638616778,53177.444506493615,189.21586918808384
SARIMAX,0,1,2,0,0,1,87532.5186071436,238.17454211939526,8007.316970691583,53177.444506493615,189.21586918808384
SARIMAX,0,1,2,0,1,0,87532.5186071436,238.17454211939526,8363.995910040709,53177.444506493615,189.21586918808384
SARIMAX,0,1,2,0,1,1,87532.5186071436,238.17454211939526,7918.253553908181,53177.444506493615,189.21586918808384
SARIMAX,0,1,2,1,0,0,87532.5186071436,238.17454211939526,8016.536449336601,53177.444506493615,189.21586918808384
SARIMAX,0,1,2,1,0,1,87532.5186071436,238.17454211939526,8015.712460881359,53177.444506493615,189.21586918808384
SARIMAX,0,1,2,1,1,0,87532.5186071436,238.17454211939526,8153.442626541436,53177.444506493615,189.21586918808384
SARIMAX,0,1,2,1,1,1,87532.5186071436,238.17454211939526,7920.231973232405,53177.444506493615,189.21586918808384
SARIMAX,0,1,3,0,0,0,87532.5186071436,238.17454211939526,8081.993917288002,53177.444506493615,189.21586918808384
SARIMAX,0,1,3,0,0,1,87532.5186071436,238.17454211939526,7990.868186099924,53177.444506493615,189.21586918808384
SARIMAX,0,1,3,0,1,0,87532.5186071436,238.17454211939526,8337.384799248626,53177.444506493615,189.21586918808384
SARIMAX,0,1,3,0,1,1,87532.5186071436,238.17454211939526,7904.813158981397,53177.444506493615,189.21586918808384
SARIMAX,0,1,3,1,0,0,87532.5186071436,238.17454211939526,8041.594586505471,53177.444506493615,189.21586918808384
SARIMAX,0,1,3,1,0,1,87532.5186071436,238.17454211939526,8002.181278252485,53177.444506493615,189.21586918808384
SARIMAX,0,1,3,1,1,0,87532.5186071436,238.17454211939526,8152.79053007542,53177.444506493615,189.21586918808384
SARIMAX,0,1,3,1,1,1,87532.5186071436,238.17454211939526,7906.7770055633955,53177.444506493615,189.21586918808384
SARIMAX,0,1,4,0,0,0,87532.5186071436,238.17454211939526,8065.221032245689,53177.444506493615,189.21586918808384
SARIMAX,0,1,4,0,0,1,87532.5186071436,238.17454211939526,7971.9854140548,53177.444506493615,189.21586918808384
SARIMAX,0,1,4,0,1,0,87532.5186071436,238.17454211939526,8316.375176162168,53177.444506493615,189.21586918808384
SARIMAX,0,1,4,0,1,1,87532.5186071436,238.17454211939526,7887.937834198066,53177.444506493615,189.21586918808384
SARIMAX,0,1,4,1,0,0,87532.5186071436,238.17454211939526,8034.952887995464,53177.444506493615,189.21586918808384
SARIMAX,0,1,4,1,0,1,87532.5186071436,238.17454211939526,7984.593011231514,53177.444506493615,189.21586918808384
SARIMAX,0,1,4,1,1,0,87532.5186071436,238.17454211939526,8144.144889959797,53177.444506493615,189.21586918808384
SARIMAX,0,1,4,1,1,1,87532.5186071436,238.17454211939526,7889.527925270231,53177.444506493615,189.21586918808384
SARIMAX,1,0,0,0,0,0,87532.5186071436,238.17454211939526,8071.38466084757,53177.444506493615,189.21586918808384
SARIMAX,1,0,0,0,0,1,87532.5186071436,238.17454211939526,7982.144417105158,53177.444506493615,189.21586918808384
SARIMAX,1,0,0,0,1,0,87532.5186071436,238.17454211939526,8367.127297924335,53177.444506493615,189.21586918808384
SARIMAX,1,0,0,0,1,1,87532.5186071436,238.17454211939526,7926.205117285172,53177.444506493615,189.21586918808384
SARIMAX,1,0,0,1,0,0,87532.5186071436,238.17454211939526,7982.102806519556,53177.444506493615,189.21586918808384
SARIMAX,1,0,0,1,0,1,87532.5186071436,238.17454211939526,7984.03642924471,53177.444506493615,189.21586918808384
SARIMAX,1,0,0,1,1,0,87532.5186071436,238.17454211939526,8125.115796068929,53177.444506493615,189.21586918808384
SARIMAX,1,0,0,1,1,1,87532.5186071436,238.17454211939526,7927.199126023833,53177.444506493615,189.21586918808384
SARIMAX,1,0,1,0,0,0,87532.5186071436,238.17454211939526,8056.022289704438,53177.444506493615,189.21586918808384
SARIMAX,1,0,1,0,0,1,87532.5186071436,238.17454211939526,7967.265707488768,53177.444506493615,189.21586918808384
SARIMAX,1,0,1,0,1,0,87532.5186071436,238.17454211939526,8362.099661204611,53177.444506493615,189.21586918808384
SARIMAX,1,0,1,0,1,1,87532.5186071436,238.17454211939526,7910.156619897466,53177.444506493615,189.21586918808384
SARIMAX,1,0,1,1,0,0,87532.5186071436,238.17454211939526,7979.532437243887,53177.444506493615,189.21586918808384
SARIMAX,1,0,1,1,0,1,87532.5186071436,238.17454211939526,7967.829447560845,53177.444506493615,189.21586918808384
SARIMAX,1,0,1,1,1,0,87532.5186071436,238.17454211939526,8124.720089385377,53177.444506493615,189.21586918808384
SARIMAX,1,0,1,1,1,1,87532.5186071436,238.17454211939526,7918.8158133515735,53177.444506493615,189.21586918808384
SARIMAX,1,0,2,0,0,0,87532.5186071436,238.17454211939526,8045.1982735489,53177.444506493615,189.21586918808384
SARIMAX,1,0,2,0,0,1,87532.5186071436,238.17454211939526,7956.367294779976,53177.444506493615,189.21586918808384
SARIMAX,1,0,2,0,1,0,87532.5186071436,238.17454211939526,8343.213794652384,53177.444506493615,189.21586918808384
SARIMAX,1,0,2,0,1,1,87532.5186071436,238.17454211939526,7902.034123957103,53177.444506493615,189.21586918808384
SARIMAX,1,0,2,1,0,0,87532.5186071436,238.17454211939526,7979.69500936553,53177.444506493615,189.21586918808384
SARIMAX,1,0,2,1,0,1,87532.5186071436,238.17454211939526,7958.320456570709,53177.444506493615,189.21586918808384
SARIMAX,1,0,2,1,1,0,87532.5186071436,238.17454211939526,8131.500072789351,53177.444506493615,189.21586918808384
SARIMAX,1,0,2,1,1,1,87532.5186071436,238.17454211939526,7912.163770805381,53177.444506493615,189.21586918808384
SARIMAX,1,0,3,0,0,0,87532.5186071436,238.17454211939526,8033.484739667416,53177.444506493615,189.21586918808384
SARIMAX,1,0,3,0,0,1,87532.5186071436,238.17454211939526,7941.739022606446,53177.444506493615,189.21586918808384
SARIMAX,1,0,3,0,1,0,87532.5186071436,238.17454211939526,8329.896858387416,53177.444506493615,189.21586918808384
SARIMAX,1,0,3,0,1,1,87532.5186071436,238.17454211939526,7900.487768845667,53177.444506493615,189.21586918808384
SARIMAX,1,0,3,1,0,0,87532.5186071436,238.17454211939526,7981.536766575278,53177.444506493615,189.21586918808384
SARIMAX,1,0,3,1,0,1,87532.5186071436,238.17454211939526,7944.673628755054,53177.444506493615,189.21586918808384
SARIMAX,1,0,3,1,1,0,87532.5186071436,238.17454211939526,8142.06298805902,53177.444506493615,189.21586918808384
SARIMAX,1,0,3,1,1,1,87532.5186071436,238.17454211939526,7901.93878977979,53177.444506493615,189.21586918808384
SARIMAX,1,0,4,0,0,0,87532.5186071436,238.17454211939526,8019.588779208281,53177.444506493615,189.21586918808384
SARIMAX,1,0,4,0,0,1,87532.5186071436,238.17454211939526,7931.903708884727,53177.444506493615,189.21586918808384
SARIMAX,1,0,4,0,1,0,87532.5186071436,238.17454211939526,8287.15870517762,53177.444506493615,189.21586918808384
SARIMAX,1,0,4,0,1,1,87532.5186071436,238.17454211939526,7888.780734658316,53177.444506493615,189.21586918808384
SARIMAX,1,0,4,1,0,0,87532.5186071436,238.17454211939526,7983.003834481269,53177.444506493615,189.21586918808384
SARIMAX,1,0,4,1,0,1,87532.5186071436,238.17454211939526,7933.86200855203,53177.444506493615,189.21586918808384
SARIMAX,1,0,4,1,1,0,87532.5186071436,238.17454211939526,8128.5709396626735,53177.444506493615,189.21586918808384
SARIMAX,1,0,4,1,1,1,87532.5186071436,238.17454211939526,7890.661977278236,53177.444506493615,189.21586918808384
SARIMAX,1,1,0,0,0,0,87532.5186071436,238.17454211939526,8190.752036494992,53177.444506493615,189.21586918808384
SARIMAX,1,1,0,0,0,1,87532.5186071436,238.17454211939526,8101.031509023205,53177.444506493615,189.21586918808384
SARIMAX,1,1,0,0,1,0,87532.5186071436,238.17454211939526,8494.70564937018,53177.444506493615,189.21586918808384
SARIMAX,1,1,0,0,1,1,87532.5186071436,238.17454211939526,8040.964813997207,53177.444506493615,189.21586918808384
SARIMAX,1,1,0,1,0,0,87532.5186071436,238.17454211939526,8101.079081087253,53177.444506493615,189.21586918808384
SARIMAX,1,1,0,1,0,1,87532.5186071436,238.17454211939526,8139.215364695659,53177.444506493615,189.21586918808384
SARIMAX,1,1,0,1,1,0,87532.5186071436,238.17454211939526,8252.086311427884,53177.444506493615,189.21586918808384
SARIMAX,1,1,0,1,1,1,87532.5186071436,238.17454211939526,8042.653314080491,53177.444506493615,189.21586918808384
SARIMAX,1,1,1,0,0,0,87532.5186071436,238.17454211939526,8077.903730141314,53177.444506493615,189.21586918808384
SARIMAX,1,1,1,0,0,1,87532.5186071436,238.17454211939526,8005.944226491486,53177.444506493615,189.21586918808384
SARIMAX,1,1,1,0,1,0,87532.5186071436,238.17454211939526,8364.186710790576,53177.444506493615,189.21586918808384
SARIMAX,1,1,1,0,1,1,87532.5186071436,238.17454211939526,7920.01926428171,53177.444506493615,189.21586918808384
SARIMAX,1,1,1,1,0,0,87532.5186071436,238.17454211939526,8019.115079159141,53177.444506493615,189.21586918808384
SARIMAX,1,1,1,1,0,1,87532.5186071436,238.17454211939526,8023.201690634838,53177.444506493615,189.21586918808384
SARIMAX,1,1,1,1,1,0,87532.5186071436,238.17454211939526,8128.553388428822,53177.444506493615,189.21586918808384
SARIMAX,1,1,1,1,1,1,87532.5186071436,238.17454211939526,7927.120265487916,53177.444506493615,189.21586918808384
SARIMAX,1,1,2,0,0,0,87532.5186071436,238.17454211939526,8134.936061223516,53177.444506493615,189.21586918808384
SARIMAX,1,1,2,0,0,1,87532.5186071436,238.17454211939526,7997.862376125326,53177.444506493615,189.21586918808384
SARIMAX,1,1,2,0,1,0,87532.5186071436,238.17454211939526,8341.587560533495,53177.444506493615,189.21586918808384
SARIMAX,1,1,2,0,1,1,87532.5186071436,238.17454211939526,7909.831119546654,53177.444506493615,189.21586918808384
SARIMAX,1,1,2,1,0,0,87532.5186071436,238.17454211939526,8059.554982963489,53177.444506493615,189.21586918808384
SARIMAX,1,1,2,1,0,1,87532.5186071436,238.17454211939526,8007.670996905472,53177.444506493615,189.21586918808384
SARIMAX,1,1,2,1,1,0,87532.5186071436,238.17454211939526,8124.99295514703,53177.444506493615,189.21586918808384
SARIMAX,1,1,2,1,1,1,87532.5186071436,238.17454211939526,7911.002761654412,53177.444506493615,189.21586918808384
SARIMAX,1,1,3,0,0,0,87532.5186071436,238.17454211939526,8194.396731305418,53177.444506493615,189.21586918808384
SARIMAX,1,1,3,0,0,1,87532.5186071436,238.17454211939526,8071.731850537522,53177.444506493615,189.21586918808384
SARIMAX,1,1,3,0,1,0,87532.5186071436,238.17454211939526,8341.88378926643,53177.444506493615,189.21586918808384
SARIMAX,1,1,3,0,1,1,87532.5186071436,238.17454211939526,7908.287430710102,53177.444506493615,189.21586918808384
SARIMAX,1,1,3,1,0,0,87532.5186071436,238.17454211939526,8110.737786891904,53177.444506493615,189.21586918808384
SARIMAX,1,1,3,1,0,1,87532.5186071436,238.17454211939526,7996.6685468885125,53177.444506493615,189.21586918808384
SARIMAX,1,1,3,1,1,0,87532.5186071436,238.17454211939526,8146.95987621162,53177.444506493615,189.21586918808384
SARIMAX,1,1,3,1,1,1,87532.5186071436,238.17454211939526,7971.334986140715,53177.444506493615,189.21586918808384
SARIMAX,1,1,4,0,0,0,87532.5186071436,238.17454211939526,8183.081139281348,53177.444506493615,189.21586918808384
SARIMAX,1,1,4,0,0,1,87532.5186071436,238.17454211939526,8060.76569609013,53177.444506493615,189.21586918808384
SARIMAX,1,1,4,0,1,0,87532.5186071436,238.17454211939526,8320.971393173913,53177.444506493615,189.21586918808384
SARIMAX,1,1,4,0,1,1,87532.5186071436,238.17454211939526,7916.592328227358,53177.444506493615,189.21586918808384
SARIMAX,1,1,4,1,0,0,87532.5186071436,238.17454211939526,8110.185007806909,53177.444506493615,189.21586918808384
SARIMAX,1,1,4,1,0,1,87532.5186071436,238.17454211939526,7984.472829286303,53177.444506493615,189.21586918808384
SARIMAX,1,1,4,1,1,0,87532.5186071436,238.17454211939526,8167.939028209073,53177.444506493615,189.21586918808384
SARIMAX,1,1,4,1,1,1,87532.5186071436,238.17454211939526,7907.927160229917,53177.444506493615,189.21586918808384
SARIMAX,2,0,0,0,0,0,87532.5186071436,238.17454211939526,8056.554830059324,53177.444506493615,189.21586918808384
SARIMAX,2,0,0,0,0,1,87532.5186071436,238.17454211939526,7980.887066381027,53177.444506493615,189.21586918808384
SARIMAX,2,0,0,0,1,0,87532.5186071436,238.17454211939526,8355.02881453203,53177.444506493615,189.21586918808384
SARIMAX,2,0,0,0,1,1,87532.5186071436,238.17454211939526,7924.124793708933,53177.444506493615,189.21586918808384
SARIMAX,2,0,0,1,0,0,87532.5186071436,238.17454211939526,7968.492582173848,53177.444506493615,189.21586918808384
SARIMAX,2,0,0,1,0,1,87532.5186071436,238.17454211939526,7970.467711912579,53177.444506493615,189.21586918808384
SARIMAX,2,0,0,1,1,0,87532.5186071436,238.17454211939526,8119.978445437002,53177.444506493615,189.21586918808384
SARIMAX,2,0,0,1,1,1,87532.5186071436,238.17454211939526,7931.894890452662,53177.444506493615,189.21586918808384
SARIMAX,2,0,1,0,0,0,87532.5186071436,238.17454211939526,8057.739721979635,53177.444506493615,189.21586918808384
SARIMAX,2,0,1,0,0,1,87532.5186071436,238.17454211939526,7968.949575143462,53177.444506493615,189.21586918808384
SARIMAX,2,0,1,0,1,0,87532.5186071436,238.17454211939526,8342.26757870452,53177.444506493615,189.21586918808384
SARIMAX,2,0,1,0,1,1,87532.5186071436,238.17454211939526,7923.5493712988555,53177.444506493615,189.21586918808384
SARIMAX,2,0,1,1,0,0,87532.5186071436,238.17454211939526,7968.933645245805,53177.444506493615,189.21586918808384
SARIMAX,2,0,1,1,0,1,87532.5186071436,238.17454211939526,7970.921844763541,53177.444506493615,189.21586918808384
SARIMAX,2,0,1,1,1,0,87532.5186071436,238.17454211939526,8113.808608768032,53177.444506493615,189.21586918808384
SARIMAX,2,0,1,1,1,1,87532.5186071436,238.17454211939526,7942.90553091399,53177.444506493615,189.21586918808384
SARIMAX,2,0,2,0,0,0,87532.5186071436,238.17454211939526,8046.257233096398,53177.444506493615,189.21586918808384
SARIMAX,2,0,2,0,0,1,87532.5186071436,238.17454211939526,7957.259989658304,53177.444506493615,189.21586918808384
SARIMAX,2,0,2,0,1,0,87532.5186071436,238.17454211939526,8330.816429876002,53177.444506493615,189.21586918808384
SARIMAX,2,0,2,0,1,1,87532.5186071436,238.17454211939526,7917.281340252596,53177.444506493615,189.21586918808384
SARIMAX,2,0,2,1,0,0,87532.5186071436,238.17454211939526,7968.722794542003,53177.444506493615,189.21586918808384
SARIMAX,2,0,2,1,0,1,87532.5186071436,238.17454211939526,7959.153115962455,53177.444506493615,189.21586918808384
SARIMAX,2,0,2,1,1,0,87532.5186071436,238.17454211939526,8119.670022094464,53177.444506493615,189.21586918808384
SARIMAX,2,0,2,1,1,1,87532.5186071436,238.17454211939526,7935.318970940534,53177.444506493615,189.21586918808384
SARIMAX,2,0,3,0,0,0,87532.5186071436,238.17454211939526,8035.259354358561,53177.444506493615,189.21586918808384
SARIMAX,2,0,3,0,0,1,87532.5186071436,238.17454211939526,7944.7857059674825,53177.444506493615,189.21586918808384
SARIMAX,2,0,3,0,1,0,87532.5186071436,238.17454211939526,8240.938016161968,53177.444506493615,189.21586918808384
SARIMAX,2,0,3,0,1,1,87532.5186071436,238.17454211939526,7945.90095698457,53177.444506493615,189.21586918808384
SARIMAX,2,0,3,1,0,0,87532.5186071436,238.17454211939526,7971.098709030612,53177.444506493615,189.21586918808384
SARIMAX,2,0,3,1,0,1,87532.5186071436,238.17454211939526,7946.6318713279325,53177.444506493615,189.21586918808384
SARIMAX,2,0,3,1,1,0,87532.5186071436,238.17454211939526,8074.648781207163,53177.444506493615,189.21586918808384
SARIMAX,2,0,3,1,1,1,87532.5186071436,238.17454211939526,7952.179326133832,53177.444506493615,189.21586918808384
SARIMAX,2,0,4,0,0,0,87532.5186071436,238.17454211939526,8021.285995803215,53177.444506493615,189.21586918808384
SARIMAX,2,0,4,0,0,1,87532.5186071436,238.17454211939526,7933.888901235253,53177.444506493615,189.21586918808384
SARIMAX,2,0,4,0,1,0,87532.5186071436,238.17454211939526,8232.08013645653,53177.444506493615,189.21586918808384
SARIMAX,2,0,4,0,1,1,87532.5186071436,238.17454211939526,7902.320190175182,53177.444506493615,189.21586918808384
SARIMAX,2,0,4,1,0,0,87532.5186071436,238.17454211939526,7972.769094705816,53177.444506493615,189.21586918808384
SARIMAX,2,0,4,1,0,1,87532.5186071436,238.17454211939526,7935.850068839049,53177.444506493615,189.21586918808384
SARIMAX,2,0,4,1,1,0,87532.5186071436,238.17454211939526,8096.490337869958,53177.444506493615,189.21586918808384
SARIMAX,2,0,4,1,1,1,87532.5186071436,238.17454211939526,7920.146262065646,53177.444506493615,189.21586918808384
SARIMAX,2,1,0,0,0,0,87532.5186071436,238.17454211939526,8136.065154469945,53177.444506493615,189.21586918808384
SARIMAX,2,1,0,0,0,1,87532.5186071436,238.17454211939526,8057.387541122058,53177.444506493615,189.21586918808384
SARIMAX,2,1,0,0,1,0,87532.5186071436,238.17454211939526,8441.102675822025,53177.444506493615,189.21586918808384
SARIMAX,2,1,0,0,1,1,87532.5186071436,238.17454211939526,7999.193534775577,53177.444506493615,189.21586918808384
SARIMAX,2,1,0,1,0,0,87532.5186071436,238.17454211939526,8046.580266702884,53177.444506493615,189.21586918808384
SARIMAX,2,1,0,1,0,1,87532.5186071436,238.17454211939526,8084.087264075464,53177.444506493615,189.21586918808384
SARIMAX,2,1,0,1,1,0,87532.5186071436,238.17454211939526,8191.406365678105,53177.444506493615,189.21586918808384
SARIMAX,2,1,0,1,1,1,87532.5186071436,238.17454211939526,7988.193174639129,53177.444506493615,189.21586918808384
SARIMAX,2,1,1,0,0,0,87532.5186071436,238.17454211939526,8110.420907407227,53177.444506493615,189.21586918808384
SARIMAX,2,1,1,0,0,1,87532.5186071436,238.17454211939526,8008.179917294949,53177.444506493615,189.21586918808384
SARIMAX,2,1,1,0,1,0,87532.5186071436,238.17454211939526,8356.230603903652,53177.444506493615,189.21586918808384
SARIMAX,2,1,1,0,1,1,87532.5186071436,238.17454211939526,7924.979774511501,53177.444506493615,189.21586918808384
SARIMAX,2,1,1,1,0,0,87532.5186071436,238.17454211939526,8005.547389410112,53177.444506493615,189.21586918808384
SARIMAX,2,1,1,1,0,1,87532.5186071436,238.17454211939526,8022.569514470826,53177.444506493615,189.21586918808384
SARIMAX,2,1,1,1,1,0,87532.5186071436,238.17454211939526,8114.4628036679,53177.444506493615,189.21586918808384
SARIMAX,2,1,1,1,1,1,87532.5186071436,238.17454211939526,7926.184215781278,53177.444506493615,189.21586918808384
SARIMAX,2,1,2,0,0,0,87532.5186071436,238.17454211939526,8063.599397941802,53177.444506493615,189.21586918808384
SARIMAX,2,1,2,0,0,1,87532.5186071436,238.17454211939526,8005.041737759055,53177.444506493615,189.21586918808384
SARIMAX,2,1,2,0,1,0,87532.5186071436,238.17454211939526,8350.188425922443,53177.444506493615,189.21586918808384
SARIMAX,2,1,2,0,1,1,87532.5186071436,238.17454211939526,7915.372816192506,53177.444506493615,189.21586918808384
SARIMAX,2,1,2,1,0,0,87532.5186071436,238.17454211939526,8037.9175204311905,53177.444506493615,189.21586918808384
SARIMAX,2,1,2,1,0,1,87532.5186071436,238.17454211939526,8012.869343126509,53177.444506493615,189.21586918808384
SARIMAX,2,1,2,1,1,0,87532.5186071436,238.17454211939526,8113.819023847796,53177.444506493615,189.21586918808384
SARIMAX,2,1,2,1,1,1,87532.5186071436,238.17454211939526,7912.156356351966,53177.444506493615,189.21586918808384
SARIMAX,2,1,3,0,0,0,87532.5186071436,238.17454211939526,8168.893017381257,53177.444506493615,189.21586918808384
SARIMAX,2,1,3,0,0,1,87532.5186071436,238.17454211939526,8073.642731262518,53177.444506493615,189.21586918808384
SARIMAX,2,1,3,0,1,0,87532.5186071436,238.17454211939526,8280.455945929958,53177.444506493615,189.21586918808384
SARIMAX,2,1,3,0,1,1,87532.5186071436,238.17454211939526,7999.940973194449,53177.444506493615,189.21586918808384
SARIMAX,2,1,3,1,0,0,87532.5186071436,238.17454211939526,8098.185748528883,53177.444506493615,189.21586918808384
SARIMAX,2,1,3,1,0,1,87532.5186071436,238.17454211939526,7999.179554382537,53177.444506493615,189.21586918808384
SARIMAX,2,1,3,1,1,0,87532.5186071436,238.17454211939526,8201.00593797434,53177.444506493615,189.21586918808384
SARIMAX,2,1,3,1,1,1,87532.5186071436,238.17454211939526,8006.487410394267,53177.444506493615,189.21586918808384
SARIMAX,2,1,4,0,0,0,87532.5186071436,238.17454211939526,8157.888257016772,53177.444506493615,189.21586918808384
SARIMAX,2,1,4,0,0,1,87532.5186071436,238.17454211939526,8023.896912416516,53177.444506493615,189.21586918808384
SARIMAX,2,1,4,0,1,0,87532.5186071436,238.17454211939526,8242.516517720665,53177.444506493615,189.21586918808384
SARIMAX,2,1,4,0,1,1,87532.5186071436,238.17454211939526,7986.51220266474,53177.444506493615,189.21586918808384
SARIMAX,2,1,4,1,0,0,87532.5186071436,238.17454211939526,8062.71890818292,53177.444506493615,189.21586918808384
SARIMAX,2,1,4,1,0,1,87532.5186071436,238.17454211939526,7984.915138750279,53177.444506493615,189.21586918808384
SARIMAX,2,1,4,1,1,0,87532.5186071436,238.17454211939526,8126.818033171515,53177.444506493615,189.21586918808384
SARIMAX,2,1,4,1,1,1,87532.5186071436,238.17454211939526,7989.836696582941,53177.444506493615,189.21586918808384
SARIMAX,5,0,0,0,0,0,87532.5186071436,238.17454211939526,8019.945395857212,53177.444506493615,189.21586918808384
SARIMAX,5,0,0,0,0,1,87532.5186071436,238.17454211939526,7983.2115140970145,53177.444506493615,189.21586918808384
SARIMAX,5,0,0,0,1,0,87532.5186071436,238.17454211939526,8318.161586656353,53177.444506493615,189.21586918808384
SARIMAX,5,0,0,0,1,1,87532.5186071436,238.17454211939526,7927.386169917344,53177.444506493615,189.21586918808384
SARIMAX,5,0,0,1,0,0,87532.5186071436,238.17454211939526,7931.766075574924,53177.444506493615,189.21586918808384
SARIMAX,5,0,0,1,0,1,87532.5186071436,238.17454211939526,7933.760363729532,53177.444506493615,189.21586918808384
SARIMAX,5,0,0,1,1,0,87532.5186071436,238.17454211939526,8078.890685750157,53177.444506493615,189.21586918808384
SARIMAX,5,0,0,1,1,1,87532.5186071436,238.17454211939526,7876.067543858333,53177.444506493615,189.21586918808384
SARIMAX,5,0,1,0,0,0,87532.5186071436,238.17454211939526,8021.528929030055,53177.444506493615,189.21586918808384
SARIMAX,5,0,1,0,0,1,87532.5186071436,238.17454211939526,7967.323081720635,53177.444506493615,189.21586918808384
SARIMAX,5,0,1,0,1,0,87532.5186071436,238.17454211939526,8301.511126955056,53177.444506493615,189.21586918808384
SARIMAX,5,0,1,0,1,1,87532.5186071436,238.17454211939526,7928.688396311852,53177.444506493615,189.21586918808384
SARIMAX,5,0,1,1,0,0,87532.5186071436,238.17454211939526,7933.604331825987,53177.444506493615,189.21586918808384
SARIMAX,5,0,1,1,0,1,87532.5186071436,238.17454211939526,7935.5969359056335,53177.444506493615,189.21586918808384
SARIMAX,5,0,1,1,1,0,87532.5186071436,238.17454211939526,8079.810896842379,53177.444506493615,189.21586918808384
SARIMAX,5,0,1,1,1,1,87532.5186071436,238.17454211939526,7892.706430692384,53177.444506493615,189.21586918808384
SARIMAX,5,0,2,0,0,0,87532.5186071436,238.17454211939526,8030.7937980162915,53177.444506493615,189.21586918808384
SARIMAX,5,0,2,0,0,1,87532.5186071436,238.17454211939526,8272.519227509212,53177.444506493615,189.21586918808384
SARIMAX,5,0,2,0,1,0,87532.5186071436,238.17454211939526,8281.823569002427,53177.444506493615,189.21586918808384
SARIMAX,5,0,2,0,1,1,87532.5186071436,238.17454211939526,7992.18017997248,53177.444506493615,189.21586918808384
SARIMAX,5,0,2,1,0,0,87532.5186071436,238.17454211939526,7939.0562624650665,53177.444506493615,189.21586918808384
SARIMAX,5,0,2,1,0,1,87532.5186071436,238.17454211939526,7942.379302597171,53177.444506493615,189.21586918808384
SARIMAX,5,0,2,1,1,0,87532.5186071436,238.17454211939526,8084.932103179493,53177.444506493615,189.21586918808384
SARIMAX,5,0,2,1,1,1,87532.5186071436,238.17454211939526,7935.906016724342,53177.444506493615,189.21586918808384
SARIMAX,5,0,3,0,0,0,87532.5186071436,238.17454211939526,8029.195842949361,53177.444506493615,189.21586918808384
SARIMAX,5,0,3,0,0,1,87532.5186071436,238.17454211939526,7951.487872986874,53177.444506493615,189.21586918808384
SARIMAX,5,0,3,0,1,0,87532.5186071436,238.17454211939526,8194.773579099603,53177.444506493615,189.21586918808384
SARIMAX,5,0,3,0,1,1,87532.5186071436,238.17454211939526,7939.422537490493,53177.444506493615,189.21586918808384
SARIMAX,5,0,3,1,0,0,87532.5186071436,238.17454211939526,7938.609078965066,53177.444506493615,189.21586918808384
SARIMAX,5,0,3,1,0,1,87532.5186071436,238.17454211939526,7940.515693951436,53177.444506493615,189.21586918808384
SARIMAX,5,0,3,1,1,0,87532.5186071436,238.17454211939526,8023.6036280968165,53177.444506493615,189.21586918808384
SARIMAX,5,0,3,1,1,1,87532.5186071436,238.17454211939526,7935.547353218441,53177.444506493615,189.21586918808384
SARIMAX,5,0,4,0,0,0,87532.5186071436,238.17454211939526,8026.350144722584,53177.444506493615,189.21586918808384
SARIMAX,5,0,4,0,0,1,87532.5186071436,238.17454211939526,7937.020346983029,53177.444506493615,189.21586918808384
SARIMAX,5,0,4,0,1,0,87532.5186071436,238.17454211939526,8165.676724905842,53177.444506493615,189.21586918808384
SARIMAX,5,0,4,0,1,1,87532.5186071436,238.17454211939526,7961.820603802723,53177.444506493615,189.21586918808384
SARIMAX,5,0,4,1,0,0,87532.5186071436,238.17454211939526,7936.968200076351,53177.444506493615,189.21586918808384
SARIMAX,5,0,4,1,0,1,87532.5186071436,238.17454211939526,7938.981930294984,53177.444506493615,189.21586918808384
SARIMAX,5,0,4,1,1,0,87532.5186071436,238.17454211939526,8031.616548052364,53177.444506493615,189.21586918808384
SARIMAX,5,0,4,1,1,1,87532.5186071436,238.17454211939526,7968.10233688741,53177.444506493615,189.21586918808384
SARIMAX,5,1,0,0,0,0,87532.5186071436,238.17454211939526,8133.154272262418,53177.444506493615,189.21586918808384
SARIMAX,5,1,0,0,0,1,87532.5186071436,238.17454211939526,8097.179112850234,53177.444506493615,189.21586918808384
SARIMAX,5,1,0,0,1,0,87532.5186071436,238.17454211939526,8404.330711776976,53177.444506493615,189.21586918808384
SARIMAX,5,1,0,0,1,1,87532.5186071436,238.17454211939526,7976.277877952512,53177.444506493615,189.21586918808384
SARIMAX,5,1,0,1,0,0,87532.5186071436,238.17454211939526,8041.071963036335,53177.444506493615,189.21586918808384
SARIMAX,5,1,0,1,0,1,87532.5186071436,238.17454211939526,8018.733991024224,53177.444506493615,189.21586918808384
SARIMAX,5,1,0,1,1,0,87532.5186071436,238.17454211939526,8136.124315511008,53177.444506493615,189.21586918808384
SARIMAX,5,1,0,1,1,1,87532.5186071436,238.17454211939526,7924.117772128158,53177.444506493615,189.21586918808384
SARIMAX,5,1,1,0,0,0,87532.5186071436,238.17454211939526,8112.450882355305,53177.444506493615,189.21586918808384
SARIMAX,5,1,1,0,0,1,87532.5186071436,238.17454211939526,8094.269014209395,53177.444506493615,189.21586918808384
SARIMAX,5,1,1,0,1,0,87532.5186071436,238.17454211939526,8311.294900226896,53177.444506493615,189.21586918808384
SARIMAX,5,1,1,0,1,1,87532.5186071436,238.17454211939526,7926.359819834977,53177.444506493615,189.21586918808384
SARIMAX,5,1,1,1,0,0,87532.5186071436,238.17454211939526,8047.662257265076,53177.444506493615,189.21586918808384
SARIMAX,5,1,1,1,0,1,87532.5186071436,238.17454211939526,7987.915811301988,53177.444506493615,189.21586918808384
SARIMAX,5,1,1,1,1,0,87532.5186071436,238.17454211939526,8073.205232249014,53177.444506493615,189.21586918808384
SARIMAX,5,1,1,1,1,1,87532.5186071436,238.17454211939526,7889.28822507083,53177.444506493615,189.21586918808384
SARIMAX,5,1,2,0,0,0,87532.5186071436,238.17454211939526,8155.72348348141,53177.444506493615,189.21586918808384
SARIMAX,5,1,2,0,0,1,87532.5186071436,238.17454211939526,8108.391070511156,53177.444506493615,189.21586918808384
SARIMAX,5,1,2,0,1,0,87532.5186071436,238.17454211939526,8387.951722348487,53177.444506493615,189.21586918808384
SARIMAX,5,1,2,0,1,1,87532.5186071436,238.17454211939526,7932.181509930558,53177.444506493615,189.21586918808384
SARIMAX,5,1,2,1,0,0,87532.5186071436,238.17454211939526,8064.206682310827,53177.444506493615,189.21586918808384
SARIMAX,5,1,2,1,0,1,87532.5186071436,238.17454211939526,7988.146436923493,53177.444506493615,189.21586918808384
SARIMAX,5,1,2,1,1,0,87532.5186071436,238.17454211939526,8161.601176537916,53177.444506493615,189.21586918808384
SARIMAX,5,1,2,1,1,1,87532.5186071436,238.17454211939526,8003.476126535226,53177.444506493615,189.21586918808384
SARIMAX,5,1,3,0,0,0,87532.5186071436,238.17454211939526,8102.048749697549,53177.444506493615,189.21586918808384
SARIMAX,5,1,3,0,0,1,87532.5186071436,238.17454211939526,8077.669379472716,53177.444506493615,189.21586918808384
SARIMAX,5,1,3,0,1,0,87532.5186071436,238.17454211939526,8283.858393143504,53177.444506493615,189.21586918808384
SARIMAX,5,1,3,0,1,1,87532.5186071436,238.17454211939526,7997.520176997768,53177.444506493615,189.21586918808384
SARIMAX,5,1,3,1,0,0,87532.5186071436,238.17454211939526,8053.473956093312,53177.444506493615,189.21586918808384
SARIMAX,5,1,3,1,0,1,87532.5186071436,238.17454211939526,7988.885489950582,53177.444506493615,189.21586918808384
SARIMAX,5,1,3,1,1,0,87532.5186071436,238.17454211939526,8133.145963434288,53177.444506493615,189.21586918808384
SARIMAX,5,1,3,1,1,1,87532.5186071436,238.17454211939526,7985.974054154436,53177.444506493615,189.21586918808384
SARIMAX,5,1,4,0,0,0,87532.5186071436,238.17454211939526,8167.757294338564,53177.444506493615,189.21586918808384
SARIMAX,5,1,4,0,0,1,87532.5186071436,238.17454211939526,8082.864033368722,53177.444506493615,189.21586918808384
SARIMAX,5,1,4,0,1,0,87532.5186071436,238.17454211939526,8235.158564478083,53177.444506493615,189.21586918808384
SARIMAX,5,1,4,0,1,1,87532.5186071436,238.17454211939526,7997.879147917371,53177.444506493615,189.21586918808384
SARIMAX,5,1,4,1,0,0,87532.5186071436,238.17454211939526,8064.536980554404,53177.444506493615,189.21586918808384
SARIMAX,5,1,4,1,0,1,87532.5186071436,238.17454211939526,7993.393259826829,53177.444506493615,189.21586918808384
SARIMAX,5,1,4,1,1,0,87532.5186071436,238.17454211939526,8089.469158425458,53177.444506493615,189.21586918808384
SARIMAX,5,1,4,1,1,1,87532.5186071436,238.17454211939526,7971.765948570642,53177.444506493615,189.21586918808384
